txId,status,ok,req_start,resp_end,e2e_s,db_ts
61b353ab-95e7-4f06-bd72-d4ba111d28fe,202,True,1758679250.7551088,1758679250.7700868,60.02722954750061,2025-09-24 02:00:50.766829+00:00
894336d9-789c-4507-84da-7a5e75145801,202,True,1758679250.7601151,1758679250.7701912,60.022223234176636,2025-09-24 02:00:50.766829+00:00
aafeaf52-ab8d-4001-b73b-3e61ff27c713,202,True,1758679250.7596514,1758679250.770259,60.02268695831299,2025-09-24 02:00:50.766829+00:00
a2e3ebda-05c6-4a83-85d3-a6ad4c86719e,202,True,1758679250.7598903,1758679250.7703152,60.02244806289673,2025-09-24 02:00:50.766829+00:00
0e71e019-b44e-4fa2-887e-fa83ca8c5607,202,True,1758679250.7600114,1758679250.7703931,60.022326946258545,2025-09-24 02:00:50.766829+00:00
de079053-4ead-4bd3-afa1-5ad25bc8f17c,202,True,1758679250.760229,1758679250.770486,60.022109270095825,2025-09-24 02:00:50.766829+00:00
510bf4ef-97a8-4b5f-bfbc-7dd96db6b3e4,202,True,1758679250.760429,1758679250.7708895,60.02190947532654,2025-09-24 02:00:50.767342+00:00
2af6739e-1816-482e-b76e-8cd2b857b5fa,202,True,1758679250.7603316,1758679250.7713528,60.02200675010681,2025-09-24 02:00:50.767342+00:00
a2d97985-6779-496b-bf83-10832d01287d,202,True,1758679250.760515,1758679250.7715232,60.02182340621948,2025-09-24 02:00:50.768880+00:00
8048a560-6840-4cfe-ab79-74efd3a54566,202,True,1758679250.7606015,1758679250.7716084,60.02173686027527,2025-09-24 02:00:50.768880+00:00
56b76d16-906d-41d7-9ab4-bbf989da2d47,202,True,1758679251.749287,1758679251.7574477,59.03305149078369,2025-09-24 02:00:51.752456+00:00
f99466b4-be66-453a-91db-3b67f5d90268,202,True,1758679251.74976,1758679251.7579834,59.032578468322754,2025-09-24 02:00:51.753452+00:00
dba1280a-0556-43ba-b646-e7798c1cc1a0,202,True,1758679251.7507138,1758679251.759104,59.03162455558777,2025-09-24 02:00:51.756521+00:00
a4eb660e-ab7d-41b3-9370-41ff69f02c86,202,True,1758679251.751546,1758679251.7601619,59.030792474746704,2025-09-24 02:00:51.757525+00:00
0baff344-df1e-422b-bdbe-c48de08eadfe,202,True,1758679251.7520485,1758679251.760469,59.03028988838196,2025-09-24 02:00:51.757525+00:00
6656fbea-8dc1-46d9-b147-14ae5f78a043,202,True,1758679251.7501044,1758679251.7612922,59.03223395347595,2025-09-24 02:00:51.758855+00:00
52dda725-1b43-44a8-8a82-5f3544983e97,202,True,1758679251.7517939,1758679251.7615452,59.03054451942444,2025-09-24 02:00:51.759852+00:00
ca19bc38-c774-4963-8648-58be83aa94b2,202,True,1758679251.7512798,1758679251.7622075,59.03105854988098,2025-09-24 02:00:51.760859+00:00
bf999aef-1ec5-4906-9ce6-7e99299de4fc,202,True,1758679251.7504053,1758679251.7622867,59.031933069229126,2025-09-24 02:00:51.760859+00:00
718b67ec-a143-48a2-a9ef-0a1010ad9e13,202,True,1758679251.751012,1758679251.7626145,59.03132629394531,2025-09-24 02:00:51.761852+00:00
a9f21bc3-490a-4c9b-8ad2-d2ccc71100b6,202,True,1758679252.757782,1758679252.7623699,58.024556398391724,2025-09-24 02:00:52.760227+00:00
a8dad411-45bf-4a94-8ea2-3a8feef73dbe,202,True,1758679252.7581306,1758679252.7629242,58.02420783042908,2025-09-24 02:00:52.760227+00:00
09a6b129-ffd4-45b1-b22c-b0c94c98a442,202,True,1758679252.7586699,1758679252.7638662,58.02366852760315,2025-09-24 02:00:52.761592+00:00
1b283e88-dc61-4000-8e63-3f95d14d2f2f,202,True,1758679252.75911,1758679252.7649896,58.02322840690613,2025-09-24 02:00:52.762599+00:00
a66965e4-c847-431e-8e2a-8e6f5ad34bf8,202,True,1758679252.7594333,1758679252.7652686,58.022905111312866,2025-09-24 02:00:52.762599+00:00
61d71826-59cd-40be-9067-8ac6a6af9201,202,True,1758679252.7583618,1758679252.7659662,58.02397656440735,2025-09-24 02:00:52.763864+00:00
450aacac-e0f6-4373-8b26-3a622d0efa61,202,True,1758679252.759277,1758679252.7663836,58.02306127548218,2025-09-24 02:00:52.764867+00:00
f7d01aad-21a0-4d17-9c9e-d9ce091b3029,202,True,1758679252.7589655,1758679252.7669911,58.02337288856506,2025-09-24 02:00:52.764867+00:00
a6ba70b8-f46a-4f57-bede-9f572178eeb5,202,True,1758679252.7585235,1758679252.7676132,58.02381491661072,2025-09-24 02:00:52.766492+00:00
c106bf5c-ef4b-4f37-b253-8e83da7903d4,202,True,1758679252.7588217,1758679252.7677011,58.02351665496826,2025-09-24 02:00:52.766492+00:00
1dce392f-634d-4823-93ab-89c00d651967,202,True,1758679253.754071,1758679253.7586753,57.02826738357544,2025-09-24 02:00:53.756440+00:00
631b710b-250c-4c3f-8ae3-655965f111c2,202,True,1758679253.7544434,1758679253.7595217,57.02789497375488,2025-09-24 02:00:53.756440+00:00
255d7a90-6206-4ef9-8c63-c22864d1d76e,202,True,1758679253.7549863,1758679253.760703,57.02735209465027,2025-09-24 02:00:53.757726+00:00
4fbfb350-9e1f-4107-b206-53733c69e479,202,True,1758679253.755421,1758679253.7620108,57.026917457580566,2025-09-24 02:00:53.759731+00:00
63083cb3-f16a-491e-9507-af294861b4e2,202,True,1758679253.7557485,1758679253.762301,57.02658987045288,2025-09-24 02:00:53.759731+00:00
7d6d7ebe-8c97-4f4d-9120-348f00e76467,202,True,1758679253.7546725,1758679253.763019,57.027665853500366,2025-09-24 02:00:53.761236+00:00
36938f44-bf3c-4a96-9b71-283d2b935ebe,202,True,1758679253.7555919,1758679253.763284,57.02674651145935,2025-09-24 02:00:53.761236+00:00
b033fe6e-abe0-4485-9930-498c2d68631d,202,True,1758679253.755278,1758679253.763894,57.02706027030945,2025-09-24 02:00:53.762240+00:00
a143dd8e-bfdd-415e-8367-dffe2d477ec7,202,True,1758679253.7548318,1758679253.7643833,57.027506589889526,2025-09-24 02:00:53.763239+00:00
870f2477-3ec3-4df7-b487-25285fecc133,202,True,1758679253.7551339,1758679253.7646983,57.027204513549805,2025-09-24 02:00:53.763239+00:00
6cabcd7f-1054-40c2-8fec-5d2a090b62a8,202,True,1758679254.7610476,1758679254.7655497,56.02129077911377,2025-09-24 02:00:54.763640+00:00
d8c0075f-fb65-4e44-97d6-5482e1ee1be2,202,True,1758679254.7613993,1758679254.7661467,56.020939111709595,2025-09-24 02:00:54.763640+00:00
6fd31bb9-04f8-4dc7-8965-eb125edfce49,202,True,1758679254.761928,1758679254.7669423,56.02041029930115,2025-09-24 02:00:54.764641+00:00
68604c5a-653c-4146-ad79-ad39b3f8297b,202,True,1758679254.7623868,1758679254.7675755,56.019951581954956,2025-09-24 02:00:54.765650+00:00
b8da18fd-7d1e-43e2-932c-887f150d1824,202,True,1758679254.7617745,1758679254.7682402,56.02056384086609,2025-09-24 02:00:54.766643+00:00
7e0340e0-459b-4d4f-b25a-105b13e8a1c2,202,True,1758679254.7616143,1758679254.768844,56.020724058151245,2025-09-24 02:00:54.766643+00:00
ff59ca48-764d-4d4a-af13-139269a96bbe,202,True,1758679254.7627,1758679254.769381,56.01963829994202,2025-09-24 02:00:54.767643+00:00
0782d66b-ddba-4379-b866-34c65a7e644d,202,True,1758679254.7620783,1758679254.7698202,56.02026009559631,2025-09-24 02:00:54.768658+00:00
b700cea7-b7f1-4c46-83f2-22f4bb5d25c9,202,True,1758679254.762228,1758679254.7702475,56.02011036872864,2025-09-24 02:00:54.769650+00:00
47a73123-66f7-402f-a64b-d8e0102c4dce,202,True,1758679254.7625322,1758679254.7705595,56.019806146621704,2025-09-24 02:00:54.769650+00:00
0593a3e1-dca9-44ee-b466-7c80541f33fc,202,True,1758679255.7475522,1758679255.7528403,55.034786224365234,2025-09-24 02:00:55.750761+00:00
ca739409-0e47-480a-8421-2fd18880bd88,202,True,1758679255.7479362,1758679255.7533903,55.0344021320343,2025-09-24 02:00:55.750761+00:00
61194a8f-66df-410c-bb70-546e4853bff3,202,True,1758679255.7484422,1758679255.7542396,55.03389620780945,2025-09-24 02:00:55.752282+00:00
a75ae9d4-d6b6-454e-81f7-650344f3ed00,202,True,1758679255.7488763,1758679255.7555516,55.033462047576904,2025-09-24 02:00:55.752949+00:00
3570bcad-0776-4b1c-9cf4-21f2ec11d181,202,True,1758679255.7492824,1758679255.755626,55.033056020736694,2025-09-24 02:00:55.753954+00:00
bd9cf394-6aae-48bb-92d6-62c60962b65a,202,True,1758679255.7481337,1758679255.7561748,55.034204721450806,2025-09-24 02:00:55.753954+00:00
7466405c-f6ea-4289-ba0a-fd1d50417c53,202,True,1758679255.7490342,1758679255.75669,55.03330421447754,2025-09-24 02:00:55.754953+00:00
82afb6be-0c5c-4bb6-926d-77a05fa70b65,202,True,1758679255.7487316,1758679255.7570803,55.03360676765442,2025-09-24 02:00:55.755953+00:00
5b295dae-9a93-4f41-b58c-6ae355f22f52,202,True,1758679255.748288,1758679255.7573867,55.03405046463013,2025-09-24 02:00:55.755953+00:00
38f7d1ad-d680-4e80-86e4-f8388a38dada,202,True,1758679255.748589,1758679255.7576735,55.03374934196472,2025-09-24 02:00:55.756954+00:00
fbf93828-46ce-4160-a0a6-ed4f5347efdc,202,True,1758679256.756743,1758679256.761665,54.02559542655945,2025-09-24 02:00:56.758690+00:00
80a2ce7d-cb21-48d1-b262-44ba61723d7f,202,True,1758679256.7569647,1758679256.762332,54.025373697280884,2025-09-24 02:00:56.759687+00:00
ae889449-6665-4e4d-9895-f7df7d9d7ade,202,True,1758679256.7573674,1758679256.7633016,54.02497100830078,2025-09-24 02:00:56.760688+00:00
94365618-b76c-47c0-a584-1f87a3af53b7,202,True,1758679256.7577162,1758679256.7647395,54.024622201919556,2025-09-24 02:00:56.762693+00:00
bf18b2ac-9f91-4ef5-86b6-fa66b6b41285,202,True,1758679256.7562532,1758679256.7652001,54.02608513832092,2025-09-24 02:00:56.762693+00:00
d2d27841-1c6d-4d04-b154-da8320bd803e,202,True,1758679256.757107,1758679256.7655752,54.02523136138916,2025-09-24 02:00:56.763693+00:00
aae79722-5d6e-434c-acfa-363d4a7b4b66,202,True,1758679256.7578328,1758679256.7658126,54.024505615234375,2025-09-24 02:00:56.763693+00:00
aa4b9591-1a1b-475c-925d-b2733a7eba0e,202,True,1758679256.7575986,1758679256.766269,54.02473974227905,2025-09-24 02:00:56.764687+00:00
c6487228-6cb6-40df-9943-d17c56578d40,202,True,1758679256.7572422,1758679256.766597,54.02509617805481,2025-09-24 02:00:56.765885+00:00
7d8462ec-5f94-46fe-8998-8d5cc1723fc9,202,True,1758679256.7574852,1758679256.7668672,54.024853229522705,2025-09-24 02:00:56.765885+00:00
56109d50-3118-4a77-aab0-ea599a53817d,202,True,1758679257.7487612,1758679257.7551627,53.03357720375061,2025-09-24 02:00:57.753337+00:00
a88cd335-4b46-46f3-a138-7e049f231de6,202,True,1758679257.7495804,1758679257.7556176,53.03275799751282,2025-09-24 02:00:57.753337+00:00
2697f69c-5e07-403b-a419-e75e6882816a,202,True,1758679257.750916,1758679257.7563133,53.03142237663269,2025-09-24 02:00:57.754332+00:00
1882ab08-e455-482c-b3e0-bf9ff5b49c23,202,True,1758679257.7518046,1758679257.7568352,53.03053379058838,2025-09-24 02:00:57.755338+00:00
95a35065-d06e-4b5f-ba68-a55a5774560b,202,True,1758679257.7505558,1758679257.7573783,53.03178262710571,2025-09-24 02:00:57.756337+00:00
415053fe-5cc0-440c-a099-b6a802113b61,202,True,1758679257.750127,1758679257.7579303,53.03221130371094,2025-09-24 02:00:57.756337+00:00
c720da21-b547-45a1-9e44-d806778eeae3,202,True,1758679257.7523332,1758679257.7583919,53.03000521659851,2025-09-24 02:00:57.757337+00:00
15f69b09-bb02-4a22-9628-4e70801a5044,202,True,1758679257.751246,1758679257.7587888,53.031092405319214,2025-09-24 02:00:57.757337+00:00
0d37f66a-e171-4cfd-b47f-2ba700e41afb,202,True,1758679257.7515368,1758679257.7592158,53.03080153465271,2025-09-24 02:00:57.758337+00:00
199deb59-49d0-4c9e-bef2-3ba65174987f,202,True,1758679257.752084,1758679257.7594829,53.03025436401367,2025-09-24 02:00:57.758337+00:00
8e1c05ba-fa01-48e0-8ce6-49d90d71b4e9,202,True,1758679258.7622976,1758679258.7669172,52.02004075050354,2025-09-24 02:00:58.764620+00:00
a90cab13-a94c-4fc0-9504-ee84f4c5d3d6,202,True,1758679258.7627556,1758679258.767137,52.019582748413086,2025-09-24 02:00:58.765620+00:00
c93fc211-5987-463f-8ded-8dc2db45e1d7,202,True,1758679258.7632666,1758679258.767897,52.01907181739807,2025-09-24 02:00:58.765620+00:00
c0c3a926-90f0-4787-b315-597956ce0471,202,True,1758679258.7637575,1758679258.7688043,52.0185809135437,2025-09-24 02:00:58.767621+00:00
7951ff20-3529-4a87-ae2f-c95c35ad9d28,202,True,1758679258.763114,1758679258.7695556,52.019224405288696,2025-09-24 02:00:58.767621+00:00
cf8c1f17-c0fd-4115-8225-e4b1cb5a7dfb,202,True,1758679258.7629516,1758679258.7698042,52.019386768341064,2025-09-24 02:00:58.767621+00:00
3c6f561b-66a1-4b2d-8ceb-bb66d321e890,202,True,1758679258.7641554,1758679258.7702756,52.01818299293518,2025-09-24 02:00:58.768621+00:00
12906013-3be4-4545-aa62-624cbc1a3f83,202,True,1758679258.7634134,1758679258.7707036,52.018924951553345,2025-09-24 02:00:58.769621+00:00
9a0b3fcf-c731-4ac5-bd3a-b627a36fc8fb,202,True,1758679258.7635622,1758679258.771109,52.018776178359985,2025-09-24 02:00:58.769621+00:00
37343238-f879-4fc5-ad66-f98f813bdb50,202,True,1758679258.763961,1758679258.7714138,52.01837730407715,2025-09-24 02:00:58.770620+00:00
7572f192-0bc4-4416-b0f6-a8e4e0f9ea71,202,True,1758679259.7516513,1758679259.7554824,51.03068709373474,2025-09-24 02:00:59.753833+00:00
acd9ada4-8f7b-4af6-a9e9-2f86ff875a59,202,True,1758679259.7519617,1758679259.7560015,51.03037667274475,2025-09-24 02:00:59.753833+00:00
38046e52-cbb4-4093-aa86-c6975ffb15e6,202,True,1758679259.7524254,1758679259.75673,51.0299129486084,2025-09-24 02:00:59.754860+00:00
1ea93136-e635-4246-b9b3-5abc92f0c914,202,True,1758679259.7527788,1758679259.7573123,51.02955961227417,2025-09-24 02:00:59.755841+00:00
95f139a3-bf61-41e9-bbe9-1c7de910c26f,202,True,1758679259.752304,1758679259.7578967,51.03003430366516,2025-09-24 02:00:59.755841+00:00
a04d8a1f-1922-4e84-964f-9b14a188f04a,202,True,1758679259.752169,1758679259.7584684,51.03016948699951,2025-09-24 02:00:59.756837+00:00
d12cd12d-06f6-4473-8bcf-399e4a5f4fb9,202,True,1758679259.7530496,1758679259.758941,51.02928876876831,2025-09-24 02:00:59.756837+00:00
3f722da5-3b32-4d00-a0dc-64f66a87d5af,202,True,1758679259.7525492,1758679259.7593465,51.029789209365845,2025-09-24 02:00:59.757839+00:00
c8bdb5bd-3d3d-4c7d-9c91-17154e6c7b5f,202,True,1758679259.752664,1758679259.7597754,51.02967429161072,2025-09-24 02:00:59.758838+00:00
b258ca70-49c5-4459-95dc-50b20fb14f98,202,True,1758679259.7529247,1758679259.7600548,51.02941370010376,2025-09-24 02:00:59.758838+00:00
e56fd128-ce02-4147-8a05-ebdb0446dbb2,202,True,1758679260.7625296,1758679260.7665796,50.019808769226074,2025-09-24 02:01:00.764108+00:00
25189983-c78d-41d4-ba48-79ffc4eccc2f,202,True,1758679260.762848,1758679260.7668183,50.019490480422974,2025-09-24 02:01:00.765102+00:00
cd7787ec-458d-49be-b37d-27bd5207a5aa,202,True,1758679260.763325,1758679260.7675374,50.01901340484619,2025-09-24 02:01:00.766102+00:00
ccb70052-1777-4c41-b4a2-11b14c6c848d,202,True,1758679260.7636895,1758679260.7684665,50.018648862838745,2025-09-24 02:01:00.766102+00:00
09b0b765-a03b-4f0d-bdd4-8fdef2efc653,202,True,1758679260.7631843,1758679260.769344,50.01915407180786,2025-09-24 02:01:00.767560+00:00
ea1bd4e4-dcbb-4cb6-9634-bda70a908d34,202,True,1758679260.7630224,1758679260.7693963,50.01931595802307,2025-09-24 02:01:00.767560+00:00
8cb5d028-32a8-4436-88da-2dd044747967,202,True,1758679260.7639282,1758679260.7700431,50.018410205841064,2025-09-24 02:01:00.768064+00:00
4e8e7f49-8d03-45a4-961c-00f50a07b006,202,True,1758679260.7634513,1758679260.7706428,50.01888704299927,2025-09-24 02:01:00.769069+00:00
b1485544-8273-4260-8316-58fe48dc82c3,202,True,1758679260.7635722,1758679260.7712007,50.01876616477966,2025-09-24 02:01:00.770071+00:00
252fb482-e2c4-4bfe-9c59-16c69943eb47,202,True,1758679260.7638094,1758679260.7712672,50.01852893829346,2025-09-24 02:01:00.770071+00:00
712f3a96-13de-4572-9f3b-153b151deeb2,202,True,1758679261.7553205,1758679261.7597573,49.02701783180237,2025-09-24 02:01:01.757758+00:00
f15b39b4-ac76-4e00-b094-4661e294672c,202,True,1758679261.7556558,1758679261.7603326,49.02668261528015,2025-09-24 02:01:01.757758+00:00
d14102c4-141f-4c98-8657-fdfc525ca99a,202,True,1758679261.7560844,1758679261.7611794,49.02625393867493,2025-09-24 02:01:01.758756+00:00
5342ef4b-1387-4aca-a507-43828a70230e,202,True,1758679261.7567751,1758679261.762639,49.02556324005127,2025-09-24 02:01:01.760763+00:00
fe1e94da-e994-4ade-8850-a7360bb8204f,202,True,1758679261.7570705,1758679261.7626917,49.02526783943176,2025-09-24 02:01:01.760763+00:00
72870195-da4b-4700-903d-2dfc612770d5,202,True,1758679261.755826,1758679261.7634437,49.02651238441467,2025-09-24 02:01:01.760763+00:00
dd139c16-b75b-43f1-ab98-adcd6051795b,202,True,1758679261.7569416,1758679261.7642868,49.02539682388306,2025-09-24 02:01:01.761759+00:00
d4d80806-ae44-4570-bb58-725c845da7b5,202,True,1758679261.7563338,1758679261.7645862,49.02600455284119,2025-09-24 02:01:01.762759+00:00
7ef2eaad-b9ca-4a1c-86d6-c506c7d2177d,202,True,1758679261.7559597,1758679261.765118,49.0263786315918,2025-09-24 02:01:01.763764+00:00
b5fc2099-261c-466a-b54e-8b005a080d3c,202,True,1758679261.756213,1758679261.7651787,49.02612543106079,2025-09-24 02:01:01.763764+00:00
e7fe294c-951e-46e5-980f-f6ca15d054f9,202,True,1758679262.7492278,1758679262.7536757,48.03311061859131,2025-09-24 02:01:02.751589+00:00
3546a343-63c7-4bd5-b2ea-6abe74c68ac1,202,True,1758679262.749763,1758679262.7542098,48.032575368881226,2025-09-24 02:01:02.751589+00:00
35440cf3-2916-465e-a71a-e38746be484d,202,True,1758679262.7503479,1758679262.754935,48.03199052810669,2025-09-24 02:01:02.752586+00:00
5e856a13-b05b-4b5c-95e9-692232bf5349,202,True,1758679262.7507277,1758679262.7561355,48.03161072731018,2025-09-24 02:01:02.754586+00:00
172deef8-2643-49a5-8893-77aabf8df0b8,202,True,1758679262.7509763,1758679262.7561839,48.03136205673218,2025-09-24 02:01:02.754586+00:00
af9e5574-4bec-4a85-bbb0-b8f2d34cca8b,202,True,1758679262.750059,1758679262.7568262,48.03227949142456,2025-09-24 02:01:02.754586+00:00
c0a8b798-e1cd-4353-977d-ce503aa8c2fe,202,True,1758679262.7508502,1758679262.7570453,48.03148818016052,2025-09-24 02:01:02.755586+00:00
c9ed6536-d072-4870-8b99-60b3e1b56c0f,202,True,1758679262.7506037,1758679262.7575305,48.03173470497131,2025-09-24 02:01:02.756590+00:00
3435531c-c98c-4b8c-8993-8d69f1bb0687,202,True,1758679262.7502089,1758679262.7578523,48.032129526138306,2025-09-24 02:01:02.756590+00:00
53f5fef3-471b-40fa-b6f4-935dd44af96a,202,True,1758679262.750482,1758679262.7581222,48.031856298446655,2025-09-24 02:01:02.757586+00:00
195e2871-5e81-4753-b328-128235809314,202,True,1758679263.7556496,1758679263.7601018,47.02668881416321,2025-09-24 02:01:03.757948+00:00
85c7456c-30d5-4f24-9706-21ed6a710fd7,202,True,1758679263.7560678,1758679263.7606144,47.026270627975464,2025-09-24 02:01:03.758949+00:00
54abc033-7084-4853-90c6-c444dee6605b,202,True,1758679263.756734,1758679263.761287,47.025604486465454,2025-09-24 02:01:03.759453+00:00
db3b62fe-1311-4ad4-b1ef-2f793a830f01,202,True,1758679263.757284,1758679263.7619667,47.02505445480347,2025-09-24 02:01:03.760458+00:00
19d1c85d-31da-44e9-8f96-349f4ab321e4,202,True,1758679263.7565567,1758679263.7628932,47.02578163146973,2025-09-24 02:01:03.760458+00:00
928bc6a7-de80-436e-90a2-cbf7bc2b6b92,202,True,1758679263.7563071,1758679263.7629452,47.026031255722046,2025-09-24 02:01:03.761457+00:00
cfb235f4-1f51-4e2c-8000-3a8257a8afd1,202,True,1758679263.7575376,1758679263.7636917,47.0248007774353,2025-09-24 02:01:03.762458+00:00
75846dab-fcfb-45ee-a690-4dacf6cfa7c5,202,True,1758679263.7569168,1758679263.7640593,47.02542161941528,2025-09-24 02:01:03.762458+00:00
c45e99dd-8c1f-45fd-b1fa-9a2b3e2bd16a,202,True,1758679263.7570894,1758679263.7643526,47.025249004364014,2025-09-24 02:01:03.763478+00:00
1f39ed75-d69b-4a8b-9e2b-97abea8adfbb,202,True,1758679263.7574198,1758679263.7646418,47.02491855621338,2025-09-24 02:01:03.763478+00:00
a17a392e-7156-4a60-b815-7683c37e9b77,202,True,1758679264.7512066,1758679264.7598052,46.031131744384766,2025-09-24 02:01:04.757551+00:00
34b01215-0a34-4ff4-b039-1f19a70d1bde,202,True,1758679264.753223,1758679264.7605524,46.029115438461304,2025-09-24 02:01:04.758546+00:00
5b13ef80-68ec-48e0-8b26-525839456413,202,True,1758679264.754997,1758679264.762113,46.02734136581421,2025-09-24 02:01:04.759546+00:00
30ff4325-e0d3-4c61-81fb-2de658512612,202,True,1758679264.7564235,1758679264.7641525,46.025914907455444,2025-09-24 02:01:04.761547+00:00
952cddcf-318a-42df-b250-d3b36261a619,202,True,1758679264.7561617,1758679264.764615,46.0261766910553,2025-09-24 02:01:04.761547+00:00
7d7ac492-9b72-4acf-8c5b-b0e488d9c7e2,202,True,1758679264.7546973,1758679264.765409,46.02764105796814,2025-09-24 02:01:04.762547+00:00
da1355c8-464e-45e7-8e7a-0a19f744cd35,202,True,1758679264.7565594,1758679264.7656264,46.025779008865356,2025-09-24 02:01:04.762547+00:00
1be52b65-fef1-4289-a144-debb4077eb7d,202,True,1758679264.7543063,1758679264.7665887,46.028032064437866,2025-09-24 02:01:04.765050+00:00
28d891b7-f7d4-487a-ac65-1269df22f4cb,202,True,1758679264.755471,1758679264.7671866,46.026867389678955,2025-09-24 02:01:04.765050+00:00
c8d4d078-b775-467d-b30b-c914e89f85fc,202,True,1758679264.7552495,1758679264.7677171,46.02708888053894,2025-09-24 02:01:04.767057+00:00
e4ea98f5-ac5f-4cf9-97e9-da66b941befb,202,True,1758679265.7555404,1758679265.7631116,45.02679800987244,2025-09-24 02:01:05.761744+00:00
8e080559-07f1-4d94-8313-e0438a295b8a,202,True,1758679265.7566807,1758679265.7636037,45.025657653808594,2025-09-24 02:01:05.761744+00:00
b9fa3443-d59c-4331-9be1-4d80837952bd,202,True,1758679265.7586021,1758679265.7643476,45.023736238479614,2025-09-24 02:01:05.762745+00:00
29b4bdef-b46e-4808-accb-71706d17b911,202,True,1758679265.7597764,1758679265.764895,45.02256202697754,2025-09-24 02:01:05.763639+00:00
a3a94d8c-27d5-4c36-b676-23a4e4b8c63e,202,True,1758679265.7581098,1758679265.7655263,45.02422857284546,2025-09-24 02:01:05.764256+00:00
ae9d9db6-77fe-425f-b88d-27eb5b951d48,202,True,1758679265.7574365,1758679265.7660809,45.02490186691284,2025-09-24 02:01:05.764256+00:00
561182e0-486e-4fc4-a4dc-6748936fe5cd,202,True,1758679265.7603285,1758679265.766606,45.02200984954834,2025-09-24 02:01:05.765256+00:00
b6f792cb-524f-4a4e-80a8-96fa14350c52,202,True,1758679265.759102,1758679265.7670078,45.02323627471924,2025-09-24 02:01:05.765256+00:00
8e36bb30-47f4-46d3-ba15-237a6090dd97,202,True,1758679265.7594607,1758679265.7674427,45.02287769317627,2025-09-24 02:01:05.766256+00:00
47929ecb-69d9-40c1-8833-83bd4526974b,202,True,1758679265.7600744,1758679265.767711,45.02226400375366,2025-09-24 02:01:05.766256+00:00
896415b0-a1f8-42c0-80be-8037ad2eb02d,202,True,1758679266.7586975,1758679266.7657099,44.023640871047974,2025-09-24 02:01:06.763134+00:00
57899ef5-e1e6-4185-ade9-3f1ca763280a,202,True,1758679266.7593546,1758679266.766509,44.02298378944397,2025-09-24 02:01:06.764147+00:00
ea179647-ac3d-4d31-aa17-1f0dec2d231c,202,True,1758679266.7604887,1758679266.768162,44.021849632263184,2025-09-24 02:01:06.765485+00:00
9e9958e4-4b4a-4ed1-9420-6773abaf7a72,202,True,1758679266.7613585,1758679266.7697058,44.02097988128662,2025-09-24 02:01:06.766137+00:00
31699414-9452-4865-9fa1-901b08d5f393,202,True,1758679266.7617013,1758679266.7710803,44.02063703536987,2025-09-24 02:01:06.767642+00:00
41793cc1-a0da-4b4e-bfec-476ca3efa9a5,202,True,1758679266.7598646,1758679266.7715816,44.02247381210327,2025-09-24 02:01:06.768652+00:00
1e8abc56-15e2-4199-8993-39b9f4851d14,202,True,1758679266.7615323,1758679266.7717676,44.020806074142456,2025-09-24 02:01:06.769157+00:00
ad8729a8-d5aa-4c54-a218-7f8bd9790880,202,True,1758679266.76113,1758679266.7725787,44.0212082862854,2025-09-24 02:01:06.770165+00:00
8993737a-f2a9-40c0-8009-29696d059f7c,202,True,1758679266.7601986,1758679266.7731876,44.02213978767395,2025-09-24 02:01:06.771240+00:00
32331fc0-a357-422c-a374-a16487944740,202,True,1758679266.7607384,1758679266.7735786,44.021600008010864,2025-09-24 02:01:06.772164+00:00
0f127db3-fc65-4fa3-a891-509c996d0d5f,202,True,1758679267.751672,1758679267.7557967,43.03066635131836,2025-09-24 02:01:07.753927+00:00
1241414c-c293-4f34-bb8e-b153d69cd078,202,True,1758679267.7519886,1758679267.7560277,43.03034973144531,2025-09-24 02:01:07.753927+00:00
17cc58db-1035-476a-861d-00e47624bd32,202,True,1758679267.7524073,1758679267.7566361,43.02993106842041,2025-09-24 02:01:07.754921+00:00
14cc80d4-a0ee-4ec3-9ccb-b687271a0a55,202,True,1758679267.7527628,1758679267.7576563,43.02957558631897,2025-09-24 02:01:07.755941+00:00
3fb0fd74-492b-48d8-aceb-7bdf212c5395,202,True,1758679267.752272,1758679267.7584503,43.03006649017334,2025-09-24 02:01:07.755941+00:00
e4ce64ae-c3a9-4a67-a939-647b7604e8e0,202,True,1758679267.7521377,1758679267.7585015,43.030200719833374,2025-09-24 02:01:07.756922+00:00
47aa599b-186c-4891-9db0-cfb596072fdd,202,True,1758679267.7530189,1758679267.759191,43.029319524765015,2025-09-24 02:01:07.757922+00:00
e6b5f8a3-3a5c-4af0-9acc-cc974826837a,202,True,1758679267.7525282,1758679267.7595682,43.029810190200806,2025-09-24 02:01:07.757922+00:00
4ce81e47-6fa1-4e88-a56a-011108d85086,202,True,1758679267.7526484,1758679267.759848,43.02969002723694,2025-09-24 02:01:07.757922+00:00
57576076-f5bf-4b4d-bf3b-35b092907bb0,202,True,1758679267.7528923,1758679267.7601025,43.02944612503052,2025-09-24 02:01:07.759427+00:00
ec968af9-8165-42b6-b88a-fbd2b8572735,202,True,1758679268.7478795,1758679268.754853,42.03445887565613,2025-09-24 02:01:08.753332+00:00
6578a8e1-f4f6-4ea0-bb7e-5eafe660c198,202,True,1758679268.7488885,1758679268.7552876,42.03344988822937,2025-09-24 02:01:08.753332+00:00
f3a8f3a2-0980-43c1-aafa-c81425ad9038,202,True,1758679268.7504084,1758679268.7562861,42.0319299697876,2025-09-24 02:01:08.754406+00:00
c4002148-9595-4e09-9ac7-e8ea9ba9ff2b,202,True,1758679268.7514076,1758679268.7570894,42.03093075752258,2025-09-24 02:01:08.755439+00:00
d99352f9-7a41-4413-a890-bfb43b68faf2,202,True,1758679268.7519488,1758679268.757304,42.03038954734802,2025-09-24 02:01:08.755439+00:00
28ae4998-0287-4450-89a3-dd5abb752f68,202,True,1758679268.7495158,1758679268.7581067,42.032822608947754,2025-09-24 02:01:08.756343+00:00
2b82953d-7be2-433d-b6d0-b4648dd6c50e,202,True,1758679268.7516882,1758679268.7581532,42.03065013885498,2025-09-24 02:01:08.756343+00:00
c121af57-cf79-47f6-bebb-8ad861322d0f,202,True,1758679268.7511115,1758679268.758543,42.03122687339783,2025-09-24 02:01:08.757343+00:00
9f8a324a-598f-41ca-9af3-8692e5ec5f9e,202,True,1758679268.749994,1758679268.7588208,42.032344341278076,2025-09-24 02:01:08.757343+00:00
eb76dd8b-a869-4f52-8226-452040ff3cff,202,True,1758679268.7507763,1758679268.7590868,42.031562089920044,2025-09-24 02:01:08.758342+00:00
4a42b6fe-5cde-485a-b13b-19a94c037e22,202,True,1758679269.7596998,1758679269.7661855,41.02263855934143,2025-09-24 02:01:09.763948+00:00
323752a1-cd7f-4479-ba08-bbc375d1f449,202,True,1758679269.7604156,1758679269.766654,41.02192282676697,2025-09-24 02:01:09.764946+00:00
831d77a7-bb11-448c-a865-916314c0fa84,202,True,1758679269.7614844,1758679269.7674782,41.020853996276855,2025-09-24 02:01:09.764946+00:00
848f921a-bf1c-4851-949a-39fef224ce99,202,True,1758679269.76249,1758679269.7688842,41.019848346710205,2025-09-24 02:01:09.766946+00:00
d01f71df-1b27-412a-97e6-cd1929389f02,202,True,1758679269.7630856,1758679269.7689464,41.01925277709961,2025-09-24 02:01:09.766946+00:00
7d439c1f-0447-473b-9a4f-50bf798a9663,202,True,1758679269.7608159,1758679269.7695138,41.021522521972656,2025-09-24 02:01:09.767991+00:00
a7049b95-dcb9-498e-a0fb-425de946a5f1,202,True,1758679269.762795,1758679269.7702458,41.019543409347534,2025-09-24 02:01:09.767991+00:00
e6f5f2a4-3e94-4323-97b8-3c379edd02a8,202,True,1758679269.762164,1758679269.7711022,41.02017426490784,2025-09-24 02:01:09.768991+00:00
0e09f382-0854-4e4e-b7af-4dd3f9a295a7,202,True,1758679269.7611742,1758679269.7717698,41.02116417884827,2025-09-24 02:01:09.769991+00:00
336d9825-a7d3-4fc9-9632-275daee5fc2b,202,True,1758679269.7617855,1758679269.7719395,41.02055287361145,2025-09-24 02:01:09.769991+00:00
9117ab61-bd80-4a36-baf7-6cf316450c17,202,True,1758679270.7507863,1758679270.758471,40.03155207633972,2025-09-24 02:01:10.755975+00:00
3d162d3e-515b-42f6-a643-d28135d34a0f,202,True,1758679270.7519226,1758679270.7591038,40.030415773391724,2025-09-24 02:01:10.756890+00:00
447918bc-c7e2-4fa8-9ad2-0a1d33752874,202,True,1758679270.7537174,1758679270.7608998,40.02862095832825,2025-09-24 02:01:10.757971+00:00
bde71dc7-3ef9-4fc7-9504-430bbf06f2bb,202,True,1758679270.7549684,1758679270.7617822,40.0273699760437,2025-09-24 02:01:10.759580+00:00
f8afee24-fba0-45a0-bb96-68383a1ed2dc,202,True,1758679270.7547066,1758679270.7618263,40.027631759643555,2025-09-24 02:01:10.759580+00:00
fc51a07b-b050-43b6-855a-20e6b36ad14c,202,True,1758679270.753238,1758679270.7628062,40.02910041809082,2025-09-24 02:01:10.760664+00:00
92bbd58f-4145-4f7f-a1c9-9bf35f5be942,202,True,1758679270.755271,1758679270.763139,40.02706742286682,2025-09-24 02:01:10.760664+00:00
73a4f6ef-1c15-4436-a0e2-e02ff4815eed,202,True,1758679270.7526853,1758679270.7638428,40.02965307235718,2025-09-24 02:01:10.762650+00:00
4f2aaa0b-366d-4473-9b95-dd83190c0bf8,202,True,1758679270.754417,1758679270.7640338,40.02792143821716,2025-09-24 02:01:10.762650+00:00
0e31c6cf-2002-45e8-ab85-234bf43324c2,202,True,1758679270.754077,1758679270.7643144,40.02826142311096,2025-09-24 02:01:10.763656+00:00
f1f830d3-c59b-4056-ad15-08cf9be4d2c3,202,True,1758679271.758568,1758679271.766103,39.023770332336426,2025-09-24 02:01:11.763052+00:00
d31092ab-eddb-4173-9c1a-8223769c6984,202,True,1758679271.759404,1758679271.7667363,39.022934436798096,2025-09-24 02:01:11.764055+00:00
2c2d4a1a-c224-4ab0-bdc8-7b203f1dc217,202,True,1758679271.7605472,1758679271.7676015,39.021791219711304,2025-09-24 02:01:11.765050+00:00
020d9ef9-9cb3-4aa0-b097-9a3dc1196473,202,True,1758679271.7614481,1758679271.768758,39.02089023590088,2025-09-24 02:01:11.767223+00:00
ef8e5710-a156-4423-bb5e-a32ba089282b,202,True,1758679271.761991,1758679271.7690115,39.020347356796265,2025-09-24 02:01:11.767223+00:00
cd8eb748-c289-4b4b-bf97-0815c4fe998e,202,True,1758679271.7598803,1758679271.769761,39.02245807647705,2025-09-24 02:01:11.767223+00:00
21a5c36f-8f65-4fd9-8a23-5d4ed634390b,202,True,1758679271.761717,1758679271.7700083,39.02062129974365,2025-09-24 02:01:11.768223+00:00
e6e02bb8-aa0d-456f-8041-d75d10f30229,202,True,1758679271.761169,1758679271.7706344,39.02116942405701,2025-09-24 02:01:11.769224+00:00
52000b4a-ab61-4ae6-9080-1886a04c528f,202,True,1758679271.760233,1758679271.7711387,39.02210545539856,2025-09-24 02:01:11.770222+00:00
f9073640-a635-440f-a0a9-1b95ad73b8c9,202,True,1758679271.76087,1758679271.7712002,39.0214684009552,2025-09-24 02:01:11.770222+00:00
d33de225-c01c-429f-8dec-343e10a71ac4,202,True,1758679272.747821,1758679272.752698,38.03451728820801,2025-09-24 02:01:12.749218+00:00
2cfe6548-30ed-445f-b861-11d725e59fb5,202,True,1758679272.7481813,1758679272.75336,38.034157037734985,2025-09-24 02:01:12.750723+00:00
58d3b7bb-06e2-4615-a24a-7c9b4f4c1892,202,True,1758679272.7486467,1758679272.7551508,38.03369164466858,2025-09-24 02:01:12.751985+00:00
403636af-48a4-479e-a7ab-2a325f7e8b88,202,True,1758679272.7491274,1758679272.7570293,38.03321099281311,2025-09-24 02:01:12.754314+00:00
fdc23a4f-edc2-4099-bf2c-40b4153ee580,202,True,1758679272.7490115,1758679272.7570798,38.033326864242554,2025-09-24 02:01:12.754314+00:00
cbcc2f2c-ae77-49bf-822d-10a17561184e,202,True,1758679272.7485077,1758679272.7571313,38.033830642700195,2025-09-24 02:01:12.755320+00:00
5015481e-88f6-4757-80b1-43d193dda9c5,202,True,1758679272.7493155,1758679272.7576299,38.0330228805542,2025-09-24 02:01:12.755320+00:00
a2b26e6c-6ee0-465e-9748-b10a977c43aa,202,True,1758679272.7483575,1758679272.7581499,38.03398084640503,2025-09-24 02:01:12.756319+00:00
969618fb-7796-4c29-96ce-16b343d150c0,202,True,1758679272.7488942,1758679272.7589037,38.03344416618347,2025-09-24 02:01:12.757318+00:00
1b949aa0-ddb5-4db7-9eef-4d6f8801073d,202,True,1758679272.7487729,1758679272.7591798,38.033565521240234,2025-09-24 02:01:12.757318+00:00
e393f229-2ad2-4ad5-b19b-14cd7ec4532a,202,True,1758679273.7592313,1758679273.7664528,37.023107051849365,2025-09-24 02:01:13.763860+00:00
08177293-5e39-403f-a82d-bf16f0ab9f14,202,True,1758679273.7603154,1758679273.7669048,37.02202296257019,2025-09-24 02:01:13.764859+00:00
df8cfaae-7afc-407f-ac81-25e7f1de7a43,202,True,1758679273.761888,1758679273.7681847,37.02045035362244,2025-09-24 02:01:13.765877+00:00
20133938-b3dc-42c3-9e04-7ecb0edf9fce,202,True,1758679273.7628837,1758679273.7695127,37.01945471763611,2025-09-24 02:01:13.766870+00:00
5c555816-8df4-49fd-9440-76186c0ba81d,202,True,1758679273.7634292,1758679273.7699785,37.018909215927124,2025-09-24 02:01:13.767858+00:00
b2cc4ff9-c300-45ff-860f-2cc3146eedd5,202,True,1758679273.7610025,1758679273.7707093,37.02133584022522,2025-09-24 02:01:13.768922+00:00
e866dc89-4769-4f5e-9b22-2e2b5710a1a7,202,True,1758679273.7631881,1758679273.77095,37.019150257110596,2025-09-24 02:01:13.769438+00:00
2293e865-1239-4c65-9a85-2dc5c5e005f0,202,True,1758679273.7625835,1758679273.7714145,37.0197548866272,2025-09-24 02:01:13.769957+00:00
b2b507d9-932e-481e-9ce6-3ca31c2183d8,202,True,1758679273.7614987,1758679273.7717168,37.02083969116211,2025-09-24 02:01:13.770962+00:00
b576601c-30de-4e16-b2e4-f16a4a9bc84e,202,True,1758679273.7622645,1758679273.7719963,37.020073890686035,2025-09-24 02:01:13.770962+00:00
b39da04f-4808-4925-993f-5864278d2eba,202,True,1758679274.755116,1758679274.7594326,36.02722239494324,2025-09-24 02:01:14.757416+00:00
3cfbac1a-d78e-4c12-883d-d8bdbfe56cf1,202,True,1758679274.755799,1758679274.759932,36.02653932571411,2025-09-24 02:01:14.758463+00:00
f14d5fcc-2ed8-41c2-94c6-4c28d0756888,202,True,1758679274.756292,1758679274.7608163,36.02604627609253,2025-09-24 02:01:14.758463+00:00
543cb6ac-de28-4cb3-959d-5ec5a1ac97d8,202,True,1758679274.756693,1758679274.7620218,36.02564549446106,2025-09-24 02:01:14.760414+00:00
4c27b877-0fa7-4831-902e-b35a2f443dd3,202,True,1758679274.756963,1758679274.7620733,36.02537536621094,2025-09-24 02:01:14.760414+00:00
20dd60e4-a545-46cd-ad38-a0e0db92f0c9,202,True,1758679274.7559948,1758679274.7627692,36.02634358406067,2025-09-24 02:01:14.760414+00:00
bc6965c9-6f8b-4155-9f4b-f324b05a50d8,202,True,1758679274.7568343,1758679274.762997,36.02550411224365,2025-09-24 02:01:14.761414+00:00
0ff184b7-2fb3-4632-abfe-2029bb1ac0fb,202,True,1758679274.7565694,1758679274.7635093,36.025768995285034,2025-09-24 02:01:14.762426+00:00
6a85ccc0-1fee-411d-ad26-ea7a5edc8839,202,True,1758679274.7561436,1758679274.7640774,36.02619481086731,2025-09-24 02:01:14.762426+00:00
a9df961a-5dd0-4d09-b9da-8c13b30c81cc,202,True,1758679274.756438,1758679274.7641375,36.02590036392212,2025-09-24 02:01:14.763414+00:00
a1b9a078-e78b-4aa7-a1ea-ff7e0d7a2a7e,202,True,1758679275.7614098,1758679275.769224,35.020928621292114,2025-09-24 02:01:15.766959+00:00
40321e59-d1a4-408c-928a-e5db03938b32,202,True,1758679275.7625086,1758679275.769702,35.019829750061035,2025-09-24 02:01:15.768014+00:00
be1a37ea-b0e4-4bff-ae36-0c2ae1204857,202,True,1758679275.7645037,1758679275.7704341,35.01783466339111,2025-09-24 02:01:15.768014+00:00
57ca8301-a607-40b4-a74d-1ee1dcf9a95b,202,True,1758679275.7656305,1758679275.7718058,35.01670789718628,2025-09-24 02:01:15.770042+00:00
08a824f8-9b66-40b7-b638-f3f629eee3ec,202,True,1758679275.766147,1758679275.7718532,35.016191482543945,2025-09-24 02:01:15.770042+00:00
64be2019-5b96-4f4c-9c52-e277e8574f21,202,True,1758679275.763173,1758679275.7723598,35.01916527748108,2025-09-24 02:01:15.770042+00:00
fd518fe4-ad5f-425c-85ff-99f1ea3eaa82,202,True,1758679275.765898,1758679275.772921,35.01644039154053,2025-09-24 02:01:15.770965+00:00
e7a2ab6f-6841-49e4-bb01-876e78237e6e,202,True,1758679275.765296,1758679275.7733037,35.01704239845276,2025-09-24 02:01:15.772010+00:00
365a61f0-f068-4f41-8e33-03bc4b6df0aa,202,True,1758679275.7639165,1758679275.773588,35.01842188835144,2025-09-24 02:01:15.772010+00:00
98fce718-10ad-4234-b875-c864cb04fed8,202,True,1758679275.764943,1758679275.7738483,35.01739549636841,2025-09-24 02:01:15.772965+00:00
c53c0721-d7b4-4dcd-83be-d2df1a81bd5b,202,True,1758679276.7528543,1758679276.758335,34.029484033584595,2025-09-24 02:01:16.755825+00:00
08faaa34-9af1-4a46-99a1-83f44180a391,202,True,1758679276.7533846,1758679276.7588727,34.02895379066467,2025-09-24 02:01:16.756825+00:00
97d8dfed-61a8-4ca5-a4c2-c9c5c5e49ae3,202,True,1758679276.7541523,1758679276.7604742,34.028186082839966,2025-09-24 02:01:16.757824+00:00
a30103b2-c46d-4ec3-8e93-86292d6b17aa,202,True,1758679276.754847,1758679276.7613864,34.027491331100464,2025-09-24 02:01:16.758824+00:00
cc0cc207-6887-470d-82a6-fe81fa8b5253,202,True,1758679276.7546809,1758679276.7614336,34.0276575088501,2025-09-24 02:01:16.758824+00:00
92ba5888-90b8-4e74-a411-48d1f0145127,202,True,1758679276.753914,1758679276.762305,34.02842426300049,2025-09-24 02:01:16.759823+00:00
77a55432-b27f-4c96-aadb-f21bbb080f20,202,True,1758679276.7550051,1758679276.7625377,34.02733325958252,2025-09-24 02:01:16.760825+00:00
6145346d-b9b9-425c-8d82-b5788193b496,202,True,1758679276.7536743,1758679276.7630613,34.028664112091064,2025-09-24 02:01:16.761823+00:00
41ccbc47-4310-46ed-ae16-a073770fccad,202,True,1758679276.7545197,1758679276.7634344,34.02781867980957,2025-09-24 02:01:16.761823+00:00
e77512e6-1e4c-4114-be5f-c1dd5abf4932,202,True,1758679276.754353,1758679276.7637348,34.02798533439636,2025-09-24 02:01:16.761823+00:00
d16995f1-1c2e-4aae-9c32-533ce018c7f1,202,True,1758679277.74649,1758679277.7532673,33.03584837913513,2025-09-24 02:01:17.751083+00:00
b276b442-698f-4868-a31e-bc2c478609ba,202,True,1758679277.7471623,1758679277.7537286,33.035176038742065,2025-09-24 02:01:17.752082+00:00
8917935c-3ef5-4c0c-a860-3f2040762560,202,True,1758679277.7481406,1758679277.7544405,33.03419780731201,2025-09-24 02:01:17.753079+00:00
7087144a-8096-447f-8652-ac88cb02fb2c,202,True,1758679277.7489731,1758679277.7554028,33.03336524963379,2025-09-24 02:01:17.754080+00:00
218f036f-70fe-4634-b467-b7781d894652,202,True,1758679277.7496119,1758679277.7556365,33.032726526260376,2025-09-24 02:01:17.754080+00:00
f13d65de-ce11-48d9-bb2a-78ccff71a897,202,True,1758679277.747536,1758679277.7562962,33.03480243682861,2025-09-24 02:01:17.754080+00:00
e8b1a93b-9df2-4f15-a062-af26c0bb6c57,202,True,1758679277.7492669,1758679277.7565298,33.033071517944336,2025-09-24 02:01:17.755080+00:00
eb4546e7-82f7-42e7-af62-d977669d528f,202,True,1758679277.7486696,1758679277.7569761,33.033668756484985,2025-09-24 02:01:17.755080+00:00
0993a108-da27-4bdb-9baf-76f1df27fe9b,202,True,1758679277.7484064,1758679277.757452,33.03393197059631,2025-09-24 02:01:17.756585+00:00
82e3bfce-e036-4f0c-9fc1-fe0e404a2a0f,202,True,1758679277.7478666,1758679277.7575667,33.0344717502594,2025-09-24 02:01:17.756585+00:00
a9fc085d-f140-4f58-85d5-68dbc0bd681b,202,True,1758679278.7588825,1758679278.7662587,32.02345585823059,2025-09-24 02:01:18.764062+00:00
32250f26-f799-4345-b005-d1277212a127,202,True,1758679278.759932,1758679278.766757,32.022406339645386,2025-09-24 02:01:18.765068+00:00
d0ee97d2-dbf2-4c9d-ac33-d8cb10bfae50,202,True,1758679278.7615957,1758679278.7674775,32.020742654800415,2025-09-24 02:01:18.765068+00:00
10b20971-d395-4375-9a1d-0cbafa415752,202,True,1758679278.7627435,1758679278.768653,32.01959490776062,2025-09-24 02:01:18.766592+00:00
a1a8294e-76fc-4ffc-8de8-5dfa79464e86,202,True,1758679278.7633495,1758679278.769107,32.018988847732544,2025-09-24 02:01:18.766592+00:00
8fabe2d8-a005-439e-9412-2bc8650b4bcd,202,True,1758679278.7606146,1758679278.7694554,32.02172374725342,2025-09-24 02:01:18.767603+00:00
d8e35d19-d3ca-44c3-86f1-048ba158445a,202,True,1758679278.763046,1758679278.7696857,32.01929235458374,2025-09-24 02:01:18.767603+00:00
410334d2-2ea7-468c-af08-09ea23991b2f,202,True,1758679278.7623627,1758679278.7701159,32.019975662231445,2025-09-24 02:01:18.768603+00:00
909d0799-98a1-428e-b6b0-7d89b8454e23,202,True,1758679278.7620027,1758679278.7706623,32.02033567428589,2025-09-24 02:01:18.769619+00:00
7f50b1e9-4ac7-4565-b02a-cce1f473711d,202,True,1758679278.7611508,1758679278.7707245,32.02118754386902,2025-09-24 02:01:18.769619+00:00
1c92d42c-66d7-49a9-b5e7-713c0cf1b499,202,True,1758679279.750386,1758679279.7547376,31.031952381134033,2025-09-24 02:01:19.751979+00:00
7aed5421-e94f-4126-aa54-90ad5b2795db,202,True,1758679279.7507482,1758679279.7549725,31.031590223312378,2025-09-24 02:01:19.751979+00:00
ddf16d19-c940-42bc-b6ff-09e617124ca1,202,True,1758679279.7511816,1758679279.755609,31.03115677833557,2025-09-24 02:01:19.753488+00:00
b2dfda22-8755-4709-8d7f-0c0547e33d8e,202,True,1758679279.751643,1758679279.7564933,31.03069543838501,2025-09-24 02:01:19.754492+00:00
aaa5cb91-c636-466a-8201-20470f56d51b,202,True,1758679279.7510564,1758679279.7572315,31.0312819480896,2025-09-24 02:01:19.755494+00:00
fa95fb25-5634-453c-bb83-1a359236375a,202,True,1758679279.7509253,1758679279.7572782,31.031413078308105,2025-09-24 02:01:19.755494+00:00
ed9056eb-3170-4749-bc29-412463a925f7,202,True,1758679279.751975,1758679279.7578497,31.03036332130432,2025-09-24 02:01:19.756493+00:00
8d609629-f4d4-4a1a-b503-6fe0a8e01f2a,202,True,1758679279.7513132,1758679279.7582808,31.031025171279907,2025-09-24 02:01:19.757493+00:00
52ca01ee-e272-44ad-9d70-bf68a037d7ed,202,True,1758679279.751484,1758679279.7586012,31.03085446357727,2025-09-24 02:01:19.757493+00:00
1a15aab4-4aa5-4318-af6e-da6a4ebd18e9,202,True,1758679279.7517982,1758679279.7588627,31.030540227890015,2025-09-24 02:01:19.757493+00:00
5efac444-d392-4fe5-9c3e-6fcde25c1c96,202,True,1758679280.749874,1758679280.756205,30.032464265823364,2025-09-24 02:01:20.753067+00:00
c8fbb5ba-a06c-4ff7-b740-d0bc23ad0153,202,True,1758679280.7511034,1758679280.7567568,30.031234979629517,2025-09-24 02:01:20.754598+00:00
331ac6cb-dbfc-4c76-98a1-f767d8994007,202,True,1758679280.7518198,1758679280.7578003,30.030518531799316,2025-09-24 02:01:20.754598+00:00
b5ebf8bd-ccb2-4a46-91e6-25bda874df78,202,True,1758679280.7523487,1758679280.7588532,30.02998971939087,2025-09-24 02:01:20.757168+00:00
f5144b5e-5dbe-4d8b-af75-ea6f73befb6b,202,True,1758679280.7527442,1758679280.7591176,30.02959418296814,2025-09-24 02:01:20.757168+00:00
5a40056f-4de8-42bc-aa4a-e91446fda379,202,True,1758679280.7514167,1758679280.7597823,30.030921697616577,2025-09-24 02:01:20.758219+00:00
a0efe60b-be29-4a4e-8886-14e964021f2d,202,True,1758679280.7525384,1758679280.7600029,30.029799938201904,2025-09-24 02:01:20.758219+00:00
5e798ecc-62a0-4a0c-bbab-a549a970fbb6,202,True,1758679280.7521718,1758679280.7604432,30.030166625976562,2025-09-24 02:01:20.759210+00:00
19ee2d55-0903-46be-8525-fcf0f73384bc,202,True,1758679280.7516353,1758679280.7607477,30.03070306777954,2025-09-24 02:01:20.760167+00:00
4a657565-8577-4af3-8d48-1d65f2d4d0be,202,True,1758679280.7519958,1758679280.7610276,30.03034257888794,2025-09-24 02:01:20.760167+00:00
5fcc2d5f-8d0f-4eae-a018-fe9a978a6d25,202,True,1758679281.755627,1758679281.761861,29.026711463928223,2025-09-24 02:01:21.759180+00:00
b878e181-8ef7-42d5-bb67-da44b58bb6d6,202,True,1758679281.7560587,1758679281.7622046,29.02627968788147,2025-09-24 02:01:21.759180+00:00
fc9ee9cb-44b5-4bb8-b294-e2a66163d646,202,True,1758679281.7570312,1758679281.7631443,29.025307178497314,2025-09-24 02:01:21.760982+00:00
7773fab7-873f-4ab7-8f81-1abb56cf89a9,202,True,1758679281.757546,1758679281.7646046,29.024792432785034,2025-09-24 02:01:21.762586+00:00
7912989a-4278-4236-9c0e-6dca3065b4fe,202,True,1758679281.7566621,1758679281.7651334,29.025676250457764,2025-09-24 02:01:21.763122+00:00
0d8dda4a-a189-4909-98aa-6c364a2bbf87,202,True,1758679281.756435,1758679281.7654386,29.025903463363647,2025-09-24 02:01:21.763647+00:00
f9429c01-4783-4fd1-b77d-2b9769560b93,202,True,1758679281.7578623,1758679281.7661173,29.024476051330566,2025-09-24 02:01:21.764214+00:00
0fc96d34-306b-4bdd-8882-a87631c3fd2f,202,True,1758679281.7572474,1758679281.7668123,29.02509093284607,2025-09-24 02:01:21.765317+00:00
f9f5c1d0-30b6-4560-807c-9067d84d7d12,202,True,1758679281.7573977,1758679281.7676897,29.024940729141235,2025-09-24 02:01:21.766588+00:00
e80ae7ec-975c-4a20-b722-d99853d91988,202,True,1758679281.757715,1758679281.7680814,29.02462339401245,2025-09-24 02:01:21.766588+00:00
0f39a68d-6928-435e-93ec-2d6693d99b8a,202,True,1758679282.7521937,1758679282.7558515,28.030144691467285,2025-09-24 02:01:22.754039+00:00
d2bc7d37-c3a3-42ce-bf64-1d3c0e27d401,202,True,1758679282.7526214,1758679282.7562995,28.029716968536377,2025-09-24 02:01:22.754039+00:00
de51800e-95af-4313-ad89-38dfcb00567b,202,True,1758679282.7530677,1758679282.7571812,28.0292706489563,2025-09-24 02:01:22.755046+00:00
b9ae0863-613a-4ad7-a1d0-be06630e8a9c,202,True,1758679282.7534199,1758679282.7582004,28.028918504714966,2025-09-24 02:01:22.756551+00:00
b0db06b5-6c7b-4162-8401-312194e3d499,202,True,1758679282.7536962,1758679282.7584257,28.028642177581787,2025-09-24 02:01:22.756551+00:00
7fa99647-a344-4596-97bd-b2cca563cc2e,202,True,1758679282.7528036,1758679282.759089,28.029534816741943,2025-09-24 02:01:22.757555+00:00
697dbb01-21a0-46cf-9a6c-07d52a44be44,202,True,1758679282.7535524,1758679282.7593026,28.028785943984985,2025-09-24 02:01:22.757555+00:00
b0a59bcd-d186-40f1-90ac-f6e6da24b4df,202,True,1758679282.7533028,1758679282.7597475,28.029035568237305,2025-09-24 02:01:22.758557+00:00
59aacfeb-b9de-47dc-8010-ea5a700e16a6,202,True,1758679282.7531853,1758679282.7603822,28.0291531085968,2025-09-24 02:01:22.759556+00:00
2847930d-69c7-4855-a113-d6053d07cd87,202,True,1758679282.7529376,1758679282.7604473,28.02940082550049,2025-09-24 02:01:22.759556+00:00
4d06cc8d-8af5-4bc3-9508-4b4ba3768259,202,True,1758679283.7613342,1758679283.7652411,27.02100419998169,2025-09-24 02:01:23.762681+00:00
4ac58c27-bb4e-4b73-a0b4-50f7b124f1e4,202,True,1758679283.7617204,1758679283.7659264,27.020617961883545,2025-09-24 02:01:23.763676+00:00
60471de7-bae1-40be-8daa-1d6fc53b3b00,202,True,1758679283.7621653,1758679283.7668881,27.02017307281494,2025-09-24 02:01:23.764676+00:00
18438602-b0db-4218-ac55-fc0767b7919e,202,True,1758679283.7625604,1758679283.7679384,27.01977801322937,2025-09-24 02:01:23.765690+00:00
c2cabda0-b8ef-4a14-8499-68a8f97106ee,202,True,1758679283.7628133,1758679283.7681763,27.019525051116943,2025-09-24 02:01:23.766675+00:00
e694ca45-f6a7-4e8a-af5e-2565259d9f63,202,True,1758679283.7618766,1758679283.7689328,27.020461797714233,2025-09-24 02:01:23.766675+00:00
b6980c25-5be1-40d7-99a7-dc89fcc80893,202,True,1758679283.762695,1758679283.7691605,27.019643306732178,2025-09-24 02:01:23.766675+00:00
fc56a76e-243e-4775-a428-0b982c4c785e,202,True,1758679283.7624302,1758679283.769706,27.01990818977356,2025-09-24 02:01:23.768121+00:00
29756234-8e05-4b37-a246-569a12b563fd,202,True,1758679283.762025,1758679283.7702963,27.020313262939453,2025-09-24 02:01:23.769128+00:00
533fd855-5c55-43c7-8813-7909a3d80c6a,202,True,1758679283.7623024,1758679283.7703621,27.020035982131958,2025-09-24 02:01:23.769128+00:00
507d45b9-3d87-44bf-bd6b-b3c36512413a,202,True,1758679284.747978,1758679284.7515333,26.03436040878296,2025-09-24 02:01:24.749928+00:00
26f5e1fc-5f52-45c2-b9e0-02643a4c05d8,202,True,1758679284.7482142,1758679284.7519429,26.03412413597107,2025-09-24 02:01:24.749928+00:00
e6139fe8-0146-4684-8d24-9b31250b6af6,202,True,1758679284.7485955,1758679284.7527354,26.033742904663086,2025-09-24 02:01:24.750970+00:00
b4c12ec0-e4e2-44d0-96ed-e44cd5c1db7c,202,True,1758679284.7489765,1758679284.7538905,26.03336191177368,2025-09-24 02:01:24.751995+00:00
036801ae-8c3a-4af1-956b-66b76f02ab73,202,True,1758679284.7474892,1758679284.7539487,26.034849166870117,2025-09-24 02:01:24.751995+00:00
7a9d5017-70ce-459f-ac9c-19d47fbe3980,202,True,1758679284.7483437,1758679284.7547393,26.033994674682617,2025-09-24 02:01:24.752926+00:00
00ff1c5a-6e63-41e9-9f06-8b511359a21a,202,True,1758679284.7490993,1758679284.7549655,26.033239126205444,2025-09-24 02:01:24.752926+00:00
bff29d84-a29b-48bd-90fc-3b7e267de5c0,202,True,1758679284.7488437,1758679284.7557065,26.03349471092224,2025-09-24 02:01:24.753926+00:00
e2b9b094-0c84-49cd-9f73-01f1db3bbcfd,202,True,1758679284.7487175,1758679284.7563477,26.033620834350586,2025-09-24 02:01:24.755021+00:00
f01c05c7-3865-45f7-bca2-ed84025bdf24,202,True,1758679284.7484763,1758679284.7570884,26.033862113952637,2025-09-24 02:01:24.756480+00:00
dad93b80-0138-4ae0-ab0f-51d34908ad56,202,True,1758679285.7487204,1758679285.753679,25.033617973327637,2025-09-24 02:01:25.751070+00:00
d1d0e3c1-6a04-49df-804e-0e460f6a0b50,202,True,1758679285.7491765,1758679285.75389,25.033161878585815,2025-09-24 02:01:25.751070+00:00
84c2d271-84e6-4a8d-9d4f-f65563c58c99,202,True,1758679285.7497659,1758679285.7554471,25.032572507858276,2025-09-24 02:01:25.753590+00:00
833b9381-e339-43bc-aaf5-f39abc13cb68,202,True,1758679285.7501585,1758679285.7556658,25.032179832458496,2025-09-24 02:01:25.753590+00:00
6a918681-b7a5-4ccf-8239-4688d703d59e,202,True,1758679285.7495778,1758679285.7564337,25.032760620117188,2025-09-24 02:01:25.755043+00:00
6a529827-54e3-4fd0-8663-1a8f01a4171f,202,True,1758679285.7493896,1758679285.7566488,25.0329487323761,2025-09-24 02:01:25.755043+00:00
f750fad0-45e6-4be8-9231-f284854672a3,202,True,1758679285.7504246,1758679285.757301,25.03191375732422,2025-09-24 02:01:25.755982+00:00
2b0f1197-e251-4dd2-8e58-91a019a3baa5,202,True,1758679285.74991,1758679285.757881,25.03242826461792,2025-09-24 02:01:25.756487+00:00
c22d9be7-6b59-45c8-8db5-e0bb7eef4f1f,202,True,1758679285.7500298,1758679285.7583475,25.03230857849121,2025-09-24 02:01:25.756487+00:00
2367250c-e443-4d08-8e77-1ccd2b48e718,202,True,1758679285.7503011,1758679285.7584033,25.032037258148193,2025-09-24 02:01:25.756487+00:00
3cc8852f-1c82-414d-9c2b-b1f614a3deb5,202,True,1758679286.7560008,1758679286.7636719,24.02633762359619,2025-09-24 02:01:26.760910+00:00
ba851afa-1290-4c76-bcbd-a000274d837a,202,True,1758679286.7570605,1758679286.7641537,24.025277853012085,2025-09-24 02:01:26.762452+00:00
fae11a59-deb6-4d59-899a-07c7a4385978,202,True,1758679286.7588692,1758679286.765549,24.02346920967102,2025-09-24 02:01:26.763450+00:00
1977f34e-70ad-4e9f-8014-a4f9f9f4a0db,202,True,1758679286.7601967,1758679286.7666128,24.022141695022583,2025-09-24 02:01:26.763955+00:00
b31f0504-3129-4417-8df8-7e3e86f69cc6,202,True,1758679286.7600138,1758679286.766663,24.022324562072754,2025-09-24 02:01:26.763955+00:00
9dd84541-c1ef-4c44-9bad-dda054ab2cc8,202,True,1758679286.7581677,1758679286.7673867,24.024170637130737,2025-09-24 02:01:26.764960+00:00
f5176329-2b87-4248-b70d-6f453744776b,202,True,1758679286.760385,1758679286.7678452,24.021953344345093,2025-09-24 02:01:26.765979+00:00
e45594cb-05b9-49c0-8ffa-64cce51f6dc6,202,True,1758679286.7598011,1758679286.7686093,24.022537231445312,2025-09-24 02:01:26.766962+00:00
431c4d41-1c87-44cf-bd89-8457697c3c24,202,True,1758679286.7591987,1758679286.7690713,24.023139715194702,2025-09-24 02:01:26.767961+00:00
f3d4a81c-63ce-40ce-92b5-dd849d77f511,202,True,1758679286.7575967,1758679286.7696855,24.024741649627686,2025-09-24 02:01:26.768959+00:00
638a6519-3a72-4c95-8bca-7465f6064464,202,True,1758679287.7480338,1758679287.754575,23.03430461883545,2025-09-24 02:01:27.751866+00:00
45208e60-4ebb-46bb-9972-f272ba108d66,202,True,1758679287.7492068,1758679287.755026,23.03313159942627,2025-09-24 02:01:27.753371+00:00
67b819be-0d42-4f34-8457-57c1d5d92483,202,True,1758679287.7505195,1758679287.755751,23.031818866729736,2025-09-24 02:01:27.754374+00:00
74e88e31-770a-4a94-b890-70251b76f2ef,202,True,1758679287.7513866,1758679287.7569427,23.030951738357544,2025-09-24 02:01:27.755374+00:00
61012fff-a29c-49c2-8429-bee5fd3d38cf,202,True,1758679287.7518787,1758679287.7569892,23.03045964241028,2025-09-24 02:01:27.755374+00:00
3400cf27-aa0d-4138-b756-1cadd6632d91,202,True,1758679287.749774,1758679287.7576213,23.032564401626587,2025-09-24 02:01:27.755374+00:00
4bf83ca1-d72d-4b5d-b8fb-db2266d75951,202,True,1758679287.7516494,1758679287.7578716,23.030689001083374,2025-09-24 02:01:27.756375+00:00
11900a3a-de00-42f3-a3db-3c6e0d123d72,202,True,1758679287.75114,1758679287.7584043,23.031198263168335,2025-09-24 02:01:27.757374+00:00
8c43f87d-683c-4467-8c26-9b0080876c3e,202,True,1758679287.750186,1758679287.7587156,23.0321524143219,2025-09-24 02:01:27.757374+00:00
e1ee277b-bb94-4f9d-9af9-53d20bd3b159,202,True,1758679287.750836,1758679287.7589698,23.03150248527527,2025-09-24 02:01:27.758375+00:00
b46eb69c-39f3-41dc-b34b-ea7c53da1ffa,202,True,1758679288.7521923,1758679288.7582974,22.03014612197876,2025-09-24 02:01:28.755907+00:00
d65e79cb-7ddf-4cec-b1e0-cdf34697e918,202,True,1758679288.7530696,1758679288.7587662,22.029268741607666,2025-09-24 02:01:28.756906+00:00
afb9640d-d2b5-4c13-b877-8dee5805115c,202,True,1758679288.754272,1758679288.7594142,22.028066396713257,2025-09-24 02:01:28.756906+00:00
6e789839-14b6-46c3-9273-6450952b9575,202,True,1758679288.755046,1758679288.759945,22.027292490005493,2025-09-24 02:01:28.758413+00:00
055ad835-adbc-4ce1-81b4-20a424f83939,202,True,1758679288.7539651,1758679288.7605314,22.02837324142456,2025-09-24 02:01:28.759421+00:00
5c983623-5f5a-4ce9-821c-fe0f3ec57416,202,True,1758679288.7535775,1758679288.761042,22.02876091003418,2025-09-24 02:01:28.759421+00:00
7bdbf1db-4993-4617-a8ed-33ac5256c636,202,True,1758679288.7554903,1758679288.761509,22.026848077774048,2025-09-24 02:01:28.760422+00:00
3ec7529c-c5d8-4a52-ab02-bb86cf919ec5,202,True,1758679288.7545357,1758679288.7618904,22.02780270576477,2025-09-24 02:01:28.760422+00:00
c98a01aa-2495-442c-a92c-c66738605829,202,True,1758679288.7547896,1758679288.7625213,22.027548789978027,2025-09-24 02:01:28.761422+00:00
4222e94f-e132-4bfd-9b8d-16e48729d31b,202,True,1758679288.7552636,1758679288.7627919,22.027074813842773,2025-09-24 02:01:28.761422+00:00
fe3c08e4-24d7-4e79-aaec-e1789aef4a8d,202,True,1758679289.7599516,1758679289.7670844,21.0223867893219,2025-09-24 02:01:29.765038+00:00
e4c23d35-350e-4075-be93-c4daf56ae8a9,202,True,1758679289.7610788,1758679289.7675917,21.021259546279907,2025-09-24 02:01:29.765038+00:00
548f31f7-b0fb-4ca3-af30-a834f1e35afc,202,True,1758679289.762412,1758679289.7684844,21.01992630958557,2025-09-24 02:01:29.766037+00:00
11760048-0675-4693-ad45-3bd1d68ad87a,202,True,1758679289.7633755,1758679289.7697778,21.018962860107422,2025-09-24 02:01:29.768036+00:00
1ccb22d7-b9ac-453d-8e46-14204bdaa68e,202,True,1758679289.7638977,1758679289.7698252,21.01844072341919,2025-09-24 02:01:29.768036+00:00
f97846cc-ed7f-4281-a6d3-7a241af809d2,202,True,1758679289.7616086,1758679289.7704642,21.020729780197144,2025-09-24 02:01:29.768542+00:00
43ad9dd5-2e58-444c-ba27-47cf5926758b,202,True,1758679289.7636638,1758679289.770704,21.018674612045288,2025-09-24 02:01:29.768542+00:00
7622fa7a-e2c7-4437-b0e9-652341c80cbc,202,True,1758679289.7630918,1758679289.7711396,21.019246578216553,2025-09-24 02:01:29.769547+00:00
7a7fab7f-2af5-4535-bae4-af46def7ecae,202,True,1758679289.7620308,1758679289.7714436,21.020307540893555,2025-09-24 02:01:29.770548+00:00
6096dbba-a9f0-49ed-a97f-5e32c444a64a,202,True,1758679289.7627783,1758679289.7717733,21.01956009864807,2025-09-24 02:01:29.770548+00:00
9b63cad8-e8b2-4423-98a1-064b4d33a1d6,202,True,1758679290.7500901,1758679290.7581768,20.0322482585907,2025-09-24 02:01:30.755702+00:00
067322db-a06e-4327-86a5-02b5bc1f67f5,202,True,1758679290.751283,1758679290.758693,20.031055450439453,2025-09-24 02:01:30.756711+00:00
38af53c3-e878-4b78-8257-72441f78dc53,202,True,1758679290.7529328,1758679290.7595227,20.02940559387207,2025-09-24 02:01:30.757712+00:00
ee63d950-3f1b-4762-9055-82350e0e16b4,202,True,1758679290.7542105,1758679290.7611153,20.028127908706665,2025-09-24 02:01:30.758711+00:00
26d5ed9e-2ef0-47b1-9ef7-d37c49e45217,202,True,1758679290.7548141,1758679290.7611954,20.02752423286438,2025-09-24 02:01:30.758711+00:00
53e8f344-124d-41d4-bfea-6b87f1e16f4e,202,True,1758679290.751904,1758679290.7619798,20.030434370040894,2025-09-24 02:01:30.759712+00:00
9d502867-e802-497e-b8b2-c6918db1f29e,202,True,1758679290.7545311,1758679290.7622125,20.027807235717773,2025-09-24 02:01:30.760719+00:00
85f0b6ff-0c9f-4924-89d2-099106bdc352,202,True,1758679290.7538095,1758679290.7628913,20.028528928756714,2025-09-24 02:01:30.760719+00:00
b4751e5b-f382-4cb9-b9c8-750178126767,202,True,1758679290.7524707,1758679290.7633164,20.02986764907837,2025-09-24 02:01:30.762710+00:00
3fb652d3-8764-467c-a398-15748f61d7e0,202,True,1758679290.7533898,1758679290.7636178,20.028948545455933,2025-09-24 02:01:30.762710+00:00
65ba638a-06c5-4ea3-9d10-f0d8df4414bd,202,True,1758679291.7591884,1758679291.764007,19.023149967193604,2025-09-24 02:01:31.761555+00:00
4dd9e4cd-5664-4528-b7cc-d0c491c7ed2e,202,True,1758679291.7596815,1758679291.7646248,19.02265691757202,2025-09-24 02:01:31.762773+00:00
9e67fedb-4138-4579-88d1-5d578e6b37d6,202,True,1758679291.7602587,1758679291.7662194,19.022079706192017,2025-09-24 02:01:31.763792+00:00
9b9bbd59-af21-4f0d-b130-000328eb0db3,202,True,1758679291.7611122,1758679291.7672234,19.021226167678833,2025-09-24 02:01:31.764777+00:00
b9fa4332-dbbb-487c-bae1-e20d071062c0,202,True,1758679291.760973,1758679291.7672715,19.02136540412903,2025-09-24 02:01:31.764777+00:00
2783b1fb-a2c3-4e21-9503-c2116bee028c,202,True,1758679291.7601278,1758679291.7682357,19.022210597991943,2025-09-24 02:01:31.765777+00:00
273d9471-78e5-42b2-922d-303ade971742,202,True,1758679291.7612538,1758679291.7686174,19.021084547042847,2025-09-24 02:01:31.766778+00:00
5a82cf2b-7a90-4c88-8f11-5c7d1eb80131,202,True,1758679291.7599728,1758679291.7696447,19.02236557006836,2025-09-24 02:01:31.767810+00:00
e93d69bd-807d-4b71-b4ce-816e1446421f,202,True,1758679291.760794,1758679291.7698007,19.021544456481934,2025-09-24 02:01:31.767810+00:00
6e9ecade-029b-4170-9905-061fd879b6cf,202,True,1758679291.7605288,1758679291.770146,19.021809577941895,2025-09-24 02:01:31.768810+00:00
ede897cd-3973-43aa-a2a8-4f7dc3882e79,202,True,1758679292.7502773,1758679292.7574193,18.032061100006104,2025-09-24 02:01:32.754879+00:00
951c62e9-e836-4799-b510-6bc3344a5437,202,True,1758679292.751323,1758679292.7576523,18.031015396118164,2025-09-24 02:01:32.755887+00:00
6819229d-2519-49d1-8fca-80efd42607b4,202,True,1758679292.752811,1758679292.7584338,18.02952742576599,2025-09-24 02:01:32.756888+00:00
663023c1-2402-4f08-9a17-bd9b0290ebd2,202,True,1758679292.7538154,1758679292.7593117,18.028522968292236,2025-09-24 02:01:32.757877+00:00
c8262754-f350-43bf-89ec-7416b3400837,202,True,1758679292.7524028,1758679292.7601097,18.029935598373413,2025-09-24 02:01:32.758878+00:00
cb387fbd-b570-46e8-8b88-7dc5e2f13cc6,202,True,1758679292.75191,1758679292.7601595,18.030428409576416,2025-09-24 02:01:32.758878+00:00
fea64c0c-747d-403b-b463-004ffa07563f,202,True,1758679292.7543669,1758679292.7608867,18.027971506118774,2025-09-24 02:01:32.759877+00:00
2295ad47-2955-41ad-98bf-c71a3901ab0c,202,True,1758679292.753204,1758679292.761259,18.029134273529053,2025-09-24 02:01:32.760385+00:00
f76d64cd-c3e7-4ccc-8c3c-e781a6fb2019,202,True,1758679292.7535195,1758679292.7615862,18.0288188457489,2025-09-24 02:01:32.760385+00:00
a7f63128-9eca-4b63-ba39-23970b9955bc,202,True,1758679292.7541249,1758679292.7618513,18.028213500976562,2025-09-24 02:01:32.760385+00:00
b3638aab-8c02-4c35-94d7-8829cdc79988,202,True,1758679293.75551,1758679293.7597609,17.026828289031982,2025-09-24 02:01:33.757617+00:00
b804f7a6-bb0d-43bc-971c-53b64ad0405f,202,True,1758679293.7559903,1758679293.7602258,17.026348114013672,2025-09-24 02:01:33.758612+00:00
6b1f4c01-6b31-4ae0-a31c-93f93fc63554,202,True,1758679293.7564688,1758679293.760934,17.025869607925415,2025-09-24 02:01:33.758612+00:00
fd39970f-4800-4d9f-bf19-1b12512ae7d3,202,True,1758679293.756834,1758679293.761931,17.02550435066223,2025-09-24 02:01:33.759610+00:00
f16c0e7b-f616-4afd-912a-e242078c473c,202,True,1758679293.7571046,1758679293.7621725,17.02523374557495,2025-09-24 02:01:33.759610+00:00
a1a54877-5c43-4330-9f01-2d20cc7f8554,202,True,1758679293.7561986,1758679293.762823,17.026139736175537,2025-09-24 02:01:33.761114+00:00
0a5fe1a2-b07e-43c8-ad6d-7780142e969e,202,True,1758679293.7569613,1758679293.7630506,17.02537703514099,2025-09-24 02:01:33.761114+00:00
2ac6e777-2e66-4719-9b3f-f6652ba1f84c,202,True,1758679293.756715,1758679293.7635653,17.025623321533203,2025-09-24 02:01:33.762118+00:00
1f96300a-7b9f-4400-9304-1432ff1e729f,202,True,1758679293.7563446,1758679293.764085,17.025993824005127,2025-09-24 02:01:33.763120+00:00
d9530b9f-7cb6-478f-9ef3-8b1b198f45c5,202,True,1758679293.7565882,1758679293.7641454,17.025750160217285,2025-09-24 02:01:33.763120+00:00
e1445f6b-69ea-4c7b-b679-880e9cec130b,202,True,1758679294.7589266,1758679294.7640612,16.023411750793457,2025-09-24 02:01:34.761456+00:00
8a622683-6e4d-435a-960c-127ce35dfd87,202,True,1758679294.7592716,1758679294.7646177,16.023066759109497,2025-09-24 02:01:34.762456+00:00
40567e6b-9e41-4489-90d7-fd59d429b602,202,True,1758679294.7597349,1758679294.7654984,16.022603511810303,2025-09-24 02:01:34.763455+00:00
29279fe4-33d6-4388-a115-607a2c08dad5,202,True,1758679294.760081,1758679294.7669528,16.022257328033447,2025-09-24 02:01:34.764457+00:00
9fa03ce2-5dec-4c4b-9f25-28937f6a8ed8,202,True,1758679294.7603307,1758679294.767,16.022007703781128,2025-09-24 02:01:34.764457+00:00
c85a2a75-6518-43c6-ae07-dbfcafcc8b62,202,True,1758679294.759451,1758679294.7674916,16.022887468338013,2025-09-24 02:01:34.765457+00:00
6884c1fb-0c10-413f-a983-34bc3a8e8089,202,True,1758679294.7601936,1758679294.7680218,16.02214479446411,2025-09-24 02:01:34.766521+00:00
ce8f58e4-608e-4aef-9846-4d5cda4e5740,202,True,1758679294.7599685,1758679294.768379,16.022369861602783,2025-09-24 02:01:34.767501+00:00
c6dfe346-651a-4d90-b995-1e064a741843,202,True,1758679294.7596076,1758679294.7686656,16.022730827331543,2025-09-24 02:01:34.767501+00:00
c7c35ad8-ca74-4975-833f-496c6fa07f47,202,True,1758679294.7598517,1758679294.7690144,16.022486686706543,2025-09-24 02:01:34.767501+00:00
d46b7c8b-ba87-4741-bdd6-93d1f048bd5f,202,True,1758679295.7529051,1758679295.7596452,15.029433250427246,2025-09-24 02:01:35.757849+00:00
16d80375-a87a-4307-938c-1b0878cb3805,202,True,1758679295.753829,1758679295.760108,15.028509378433228,2025-09-24 02:01:35.757849+00:00
06606d60-48ac-42eb-a791-e5870c8c3fc6,202,True,1758679295.7553227,1758679295.76073,15.027015686035156,2025-09-24 02:01:35.758756+00:00
dcba00a2-45e0-44a2-a3be-5a0cf86fdb34,202,True,1758679295.7565703,1758679295.7612846,15.025768041610718,2025-09-24 02:01:35.759850+00:00
45907d75-8b9b-4e79-accb-1bc424676be2,202,True,1758679295.7548716,1758679295.761853,15.027466773986816,2025-09-24 02:01:35.760763+00:00
f91d7450-b641-406c-be84-e3207d2393b6,202,True,1758679295.7544057,1758679295.762357,15.02793264389038,2025-09-24 02:01:35.760763+00:00
33a33393-939b-4c5b-9e61-08d2a027ee99,202,True,1758679295.7571976,1758679295.762808,15.025140762329102,2025-09-24 02:01:35.760763+00:00
0e0ce77b-ad23-4599-ac82-77c3e6582372,202,True,1758679295.7557702,1758679295.7631953,15.026568174362183,2025-09-24 02:01:35.762052+00:00
565b4d0e-e975-4fd7-833f-a7121b80c9de,202,True,1758679295.7562158,1758679295.763606,15.026122570037842,2025-09-24 02:01:35.763060+00:00
62f3a388-33d2-4800-a9be-c279df790d56,202,True,1758679295.756886,1758679295.7638674,15.025452375411987,2025-09-24 02:01:35.763060+00:00
981e886c-3266-4ccc-9b64-90ab02cc1d72,202,True,1758679296.7606075,1758679296.7667532,14.021730899810791,2025-09-24 02:01:36.764231+00:00
dfaf317d-4acf-493e-9ca9-d61e48f0b076,202,True,1758679296.7615685,1758679296.7671952,14.020769834518433,2025-09-24 02:01:36.765231+00:00
20008c3b-1d21-4819-acf0-96ea68de26e8,202,True,1758679296.7628105,1758679296.7678573,14.019527912139893,2025-09-24 02:01:36.766229+00:00
a0e32716-2603-4b1f-bc00-0298333b0e26,202,True,1758679296.7635665,1758679296.7689092,14.018771886825562,2025-09-24 02:01:36.767294+00:00
900a0c9e-53bc-456e-b0b1-da92c69289f3,202,True,1758679296.7640343,1758679296.76895,14.018304109573364,2025-09-24 02:01:36.767294+00:00
f2c3d6ed-5f29-4195-8062-07cbc6393973,202,True,1758679296.762116,1758679296.7698135,14.020222425460815,2025-09-24 02:01:36.767294+00:00
070dba2f-15b8-4ade-8ec9-1a14b02bfb03,202,True,1758679296.7637827,1758679296.7700207,14.018555641174316,2025-09-24 02:01:36.768295+00:00
9bd57ec0-7415-4154-9e0e-dc90f91d815f,202,True,1758679296.7633414,1758679296.7707696,14.018996953964233,2025-09-24 02:01:36.769301+00:00
527a756d-cde5-4713-9524-4310ddad4a51,202,True,1758679296.7630827,1758679296.7712407,14.019255638122559,2025-09-24 02:01:36.770295+00:00
a5be2b4e-a405-4ce4-a419-8a92cb7afa82,202,True,1758679296.7625105,1758679296.7721393,14.019827842712402,2025-09-24 02:01:36.771303+00:00
2767d96b-2270-482b-a310-a478172fc620,202,True,1758679297.7561722,1758679297.7623506,13.026166200637817,2025-09-24 02:01:37.760347+00:00
6eec6bd4-7164-4c13-bf38-05f4eb292ecc,202,True,1758679297.756978,1758679297.7627687,13.025360345840454,2025-09-24 02:01:37.760347+00:00
c7e35f90-09ac-4009-b8df-d7d7a1561cb7,202,True,1758679297.7584355,1758679297.7636418,13.023902893066406,2025-09-24 02:01:37.761852+00:00
b7d1a72a-14a7-44d6-a6f6-c3ff6aaa63c5,202,True,1758679297.7590592,1758679297.7642453,13.023279190063477,2025-09-24 02:01:37.762867+00:00
8b7cb796-67db-45be-ad23-b945b7c3eb06,202,True,1758679297.7594225,1758679297.7647965,13.022915840148926,2025-09-24 02:01:37.762867+00:00
dfcfa328-fde9-4a41-a43d-a8a276ddb65d,202,True,1758679297.7578154,1758679297.7654154,13.02452301979065,2025-09-24 02:01:37.763868+00:00
c4e3fd36-318d-4467-98f3-8d147402615f,202,True,1758679297.759252,1758679297.7654753,13.023086309432983,2025-09-24 02:01:37.763868+00:00
81165038-e2e7-496c-acc7-bb195e405752,202,True,1758679297.7588646,1758679297.7658699,13.023473739624023,2025-09-24 02:01:37.764856+00:00
bfe438a6-b911-44ff-adca-1ddf604b8a58,202,True,1758679297.7581735,1758679297.7661338,13.024164915084839,2025-09-24 02:01:37.764856+00:00
d55f63d8-113a-493a-9345-0b0f1449ae02,202,True,1758679297.758667,1758679297.7664776,13.023671388626099,2025-09-24 02:01:37.765865+00:00
b3152b60-a63d-4163-81df-c7abdb2acf53,202,True,1758679298.7485623,1758679298.7554598,12.033776044845581,2025-09-24 02:01:38.753623+00:00
851b56e9-96dd-4417-b19e-031831c07777,202,True,1758679298.7494833,1758679298.7559736,12.032855033874512,2025-09-24 02:01:38.753623+00:00
9ac5e3e8-3550-4fdb-a1bd-e10a4c3f5f87,202,True,1758679298.7508638,1758679298.7568948,12.031474590301514,2025-09-24 02:01:38.754640+00:00
aed131ef-53a0-4ae1-bdd3-4d0f1a346db1,202,True,1758679298.751858,1758679298.7577088,12.03048038482666,2025-09-24 02:01:38.755620+00:00
79165dee-b3c0-4740-ae39-deb738e76e5a,202,True,1758679298.7524176,1758679298.75794,12.029920816421509,2025-09-24 02:01:38.755620+00:00
27c2bfc6-8fb5-45e6-996e-0e549fa67081,202,True,1758679298.7500482,1758679298.7586365,12.03229022026062,2025-09-24 02:01:38.756621+00:00
227bcb61-3125-4fb8-ae9f-4ada59fa1c62,202,True,1758679298.752148,1758679298.7588062,12.030190467834473,2025-09-24 02:01:38.757620+00:00
7a9db65f-ad20-41b9-af47-884ebefbb09b,202,True,1758679298.7515306,1758679298.759207,12.030807733535767,2025-09-24 02:01:38.757620+00:00
ae3fc246-7a81-4faa-99a9-a084d004b828,202,True,1758679298.75047,1758679298.7594936,12.03186845779419,2025-09-24 02:01:38.758621+00:00
a8eb3b26-5af4-4a3d-a90c-eb08629afa55,202,True,1758679298.7512228,1758679298.759857,12.031115531921387,2025-09-24 02:01:38.758621+00:00
2b334aa2-7cac-4bdf-9e89-9214b49ed658,202,True,1758679299.7553368,1758679299.7589936,11.02700161933899,2025-09-24 02:01:39.757288+00:00
ab0f270e-6fd3-4a50-bac6-278e08eece83,202,True,1758679299.755659,1758679299.7594557,11.026679277420044,2025-09-24 02:01:39.757288+00:00
1a4a8b88-e3a9-46c5-9b18-9d509d304c86,202,True,1758679299.7561128,1758679299.7600856,11.026225566864014,2025-09-24 02:01:39.758281+00:00
372f824a-e0e4-4d41-9fb1-686cde2da180,202,True,1758679299.7564807,1758679299.760647,11.02585768699646,2025-09-24 02:01:39.759287+00:00
47473cc5-3e7c-4096-8014-c99f69467636,202,True,1758679299.7559977,1758679299.7611976,11.02634072303772,2025-09-24 02:01:39.759287+00:00
22435a19-0866-4470-bc0d-fbf542ae719c,202,True,1758679299.75587,1758679299.7616842,11.026468276977539,2025-09-24 02:01:39.760285+00:00
2a52acbe-bf46-485f-b58d-fff14762efcd,202,True,1758679299.7567344,1758679299.762127,11.025604009628296,2025-09-24 02:01:39.760285+00:00
b9a9361e-5d43-4fc0-9e42-b373cb23149f,202,True,1758679299.7562423,1758679299.7625375,11.026096105575562,2025-09-24 02:01:39.761286+00:00
d80b884e-7750-41d5-9191-eacc42d3dbb2,202,True,1758679299.7563658,1758679299.762938,11.025972604751587,2025-09-24 02:01:39.762367+00:00
9e5e5156-100f-467b-97fc-e9e3069190b6,202,True,1758679299.756593,1758679299.7632027,11.025745391845703,2025-09-24 02:01:39.762367+00:00
23ee538d-222d-42bb-a530-776d55e112d1,202,True,1758679300.7612424,1758679300.7686183,10.023277997970581,2025-09-24 02:01:40.765899+00:00
ca0fc504-f46d-4ef9-b61c-3e7249320f41,202,True,1758679300.7622595,1758679300.769199,10.022260904312134,2025-09-24 02:01:40.766897+00:00
d257e9c7-eb46-49b1-921f-e488cda96137,202,True,1758679300.7633862,1758679300.7700784,10.0211341381073,2025-09-24 02:01:40.767913+00:00
5c119243-8f31-4061-9ac9-f2b587e29cdc,202,True,1758679300.7642891,1758679300.771219,10.020231246948242,2025-09-24 02:01:40.768905+00:00
474ee55a-957f-4cf4-8e29-98811696974a,202,True,1758679300.7648141,1758679300.7714505,10.01970624923706,2025-09-24 02:01:40.769895+00:00
3483462e-9681-4487-9c6d-37a8d7e54f83,202,True,1758679300.7627034,1758679300.7719984,10.021816968917847,2025-09-24 02:01:40.769895+00:00
965e0aa3-c05e-490f-9498-48353ffe5e4e,202,True,1758679300.7645485,1758679300.7728286,10.01997184753418,2025-09-24 02:01:40.770895+00:00
861e26b8-82d3-4137-b835-906d0b1b94e8,202,True,1758679300.7640064,1758679300.7732012,10.020514011383057,2025-09-24 02:01:40.770895+00:00
64809669-244a-433a-a1ef-0eb7ae6795a8,202,True,1758679300.7630308,1758679300.7734792,10.02148962020874,2025-09-24 02:01:40.771894+00:00
e053b517-e22e-403f-af3a-725ec10a53e9,202,True,1758679300.7637053,1758679300.7737365,10.020815134048462,2025-09-24 02:01:40.771894+00:00
f867dd54-952d-4776-84c8-b0e65d1861ba,202,True,1758679301.7496932,1758679301.757666,9.03482723236084,2025-09-24 02:01:41.755344+00:00
a52b03bb-dbc6-4fd6-b88d-b1e4fd312a3f,202,True,1758679301.7504358,1758679301.7582304,9.034084558486938,2025-09-24 02:01:41.756344+00:00
7dc8b07f-9988-4b89-8a49-a8c69a37948d,202,True,1758679301.7516787,1758679301.7589083,9.032841682434082,2025-09-24 02:01:41.757342+00:00
563e2a85-ce27-41ac-8bdd-51f789f58205,202,True,1758679301.7527678,1758679301.7594469,9.031752586364746,2025-09-24 02:01:41.757342+00:00
75acbcd3-dd23-4fda-acc5-6287fb162cf6,202,True,1758679301.7512796,1758679301.7600458,9.033240795135498,2025-09-24 02:01:41.758344+00:00
74f4cec5-8ed2-4292-ac24-839fe4f3185a,202,True,1758679301.7508702,1758679301.7606764,9.033650159835815,2025-09-24 02:01:41.759343+00:00
8a6053e5-3c43-4f1c-8b4c-e3ebe98e2ec7,202,True,1758679301.7535477,1758679301.761269,9.030972719192505,2025-09-24 02:01:41.759343+00:00
0827c5c0-7fd8-4313-ad36-a51709ad29ee,202,True,1758679301.752042,1758679301.7617075,9.032478332519531,2025-09-24 02:01:41.760342+00:00
7810aa11-0cf7-4e08-9829-cc8873af78ed,202,True,1758679301.7523992,1758679301.7621295,9.032121181488037,2025-09-24 02:01:41.761344+00:00
a4990cc2-ce94-4a73-b772-e5cc9cbf8373,202,True,1758679301.7531555,1758679301.7624094,9.031364917755127,2025-09-24 02:01:41.761344+00:00
cdcb536b-f9d7-4fa2-b11f-f2603ea3ba1a,202,True,1758679302.7580075,1758679302.7637298,8.026512861251831,2025-09-24 02:01:42.761870+00:00
5cd5765f-df1a-46b6-9da9-a9da919afcec,202,True,1758679302.7587667,1758679302.7641764,8.025753736495972,2025-09-24 02:01:42.762877+00:00
6673e2be-7884-4b67-9c36-f5965285f5ea,202,True,1758679302.759809,1758679302.7648695,8.02471137046814,2025-09-24 02:01:42.762877+00:00
f1931f7b-6e84-4a91-b69e-7162b656d868,202,True,1758679302.7605715,1758679302.766055,8.023948907852173,2025-09-24 02:01:42.763877+00:00
baec289f-d263-4235-909b-342c153eb50a,202,True,1758679302.7610028,1758679302.7665515,8.023517608642578,2025-09-24 02:01:42.763877+00:00
04504410-ba85-47bb-980b-0902bf0b4339,202,True,1758679302.7591588,1758679302.766907,8.02536153793335,2025-09-24 02:01:42.764877+00:00
4c970777-520b-4360-84e0-5814835392e0,202,True,1758679302.7607794,1758679302.767113,8.023741006851196,2025-09-24 02:01:42.764877+00:00
30a05cd0-3b79-492f-887f-9f6672d7f62f,202,True,1758679302.7603462,1758679302.767877,8.024174213409424,2025-09-24 02:01:42.765957+00:00
a31b4aa7-beba-4937-80c4-966fecc6c084,202,True,1758679302.7600844,1758679302.7683632,8.024435997009277,2025-09-24 02:01:42.766876+00:00
ee3b6d3b-c1f6-496f-9ed5-eaac138649a2,202,True,1758679302.7595,1758679302.769265,8.025020360946655,2025-09-24 02:01:42.767925+00:00
14598ed5-fcf8-46cc-a0b1-af82d03b2853,202,True,1758679303.7494092,1758679303.7565818,7.03511118888855,2025-09-24 02:01:43.753976+00:00
0821ef49-3e9f-4317-80a8-adefee30060e,202,True,1758679303.7499814,1758679303.7570636,7.034538984298706,2025-09-24 02:01:43.755641+00:00
945917cb-5582-4fae-a7d0-557ef0304c3b,202,True,1758679303.7508476,1758679303.7584715,7.03367280960083,2025-09-24 02:01:43.756775+00:00
88a424b2-c1bb-4d76-b55f-79b573cda6e8,202,True,1758679303.7518907,1758679303.7594032,7.032629728317261,2025-09-24 02:01:43.757300+00:00
dcd45cfd-49df-4199-9bed-07535694a8c6,202,True,1758679303.7522306,1758679303.759462,7.032289743423462,2025-09-24 02:01:43.757300+00:00
178172e1-556a-4f20-a2e3-3494b299d209,202,True,1758679303.7505238,1758679303.7602298,7.03399658203125,2025-09-24 02:01:43.758378+00:00
3d349458-5b65-4324-8b1d-47f890a30c19,202,True,1758679303.7525136,1758679303.760858,7.032006740570068,2025-09-24 02:01:43.758928+00:00
f78c387a-a7af-4d2a-8516-38c7d86583b2,202,True,1758679303.750278,1758679303.7615938,7.034242391586304,2025-09-24 02:01:43.760010+00:00
41915551-c2ef-41fc-aa84-061e8935fe7e,202,True,1758679303.7515225,1758679303.7617545,7.0329978466033936,2025-09-24 02:01:43.760533+00:00
76b18a5f-922a-44bf-83a6-1a286de12a33,202,True,1758679303.7511911,1758679303.7620442,7.033329248428345,2025-09-24 02:01:43.761569+00:00
0a2aecf6-6321-482f-9688-a1d443b3039a,202,True,1758679304.7539287,1758679304.7579646,6.030591726303101,2025-09-24 02:01:44.756325+00:00
23a7b03f-7e21-4e45-9b75-d6f5d93afc80,202,True,1758679304.7543964,1758679304.7584171,6.030123949050903,2025-09-24 02:01:44.756325+00:00
60dc7239-7a6a-4908-a078-c253e6d600f3,202,True,1758679304.754966,1758679304.7593286,6.02955436706543,2025-09-24 02:01:44.757814+00:00
53672380-cde8-4e18-8437-899420f64a32,202,True,1758679304.7553308,1758679304.7601967,6.029189586639404,2025-09-24 02:01:44.758322+00:00
4c3b0c08-16cb-482e-b033-ce4ca30899e7,202,True,1758679304.7556016,1758679304.760943,6.028918743133545,2025-09-24 02:01:44.758322+00:00
2989638a-1154-43ae-b547-18602e6ab77c,202,True,1758679304.754645,1758679304.7613137,6.0298752784729,2025-09-24 02:01:44.759331+00:00
bc0e4387-c350-4882-8601-e7c6c06322d6,202,True,1758679304.7554731,1758679304.7614963,6.029047250747681,2025-09-24 02:01:44.759331+00:00
89ff0f99-19ad-48bf-8f7a-624ab6eb2721,202,True,1758679304.7552147,1758679304.7620797,6.029305696487427,2025-09-24 02:01:44.760839+00:00
68355509-7f8b-453a-ac35-d3f9e347f5b6,202,True,1758679304.7548175,1758679304.7621853,6.02970290184021,2025-09-24 02:01:44.760839+00:00
c00af86d-6b53-4699-8ca0-3c2e0ac66982,202,True,1758679304.7550957,1758679304.762474,6.029424667358398,2025-09-24 02:01:44.761849+00:00
1777222b-1454-414c-ac6f-ba80c6a59c93,202,True,1758679305.758487,1758679305.7634134,5.026033401489258,2025-09-24 02:01:45.760990+00:00
93de4cb0-b7f3-45ab-b830-fa57c48306d2,202,True,1758679305.7588186,1758679305.7638414,5.0257017612457275,2025-09-24 02:01:45.761989+00:00
798063f8-4abb-49c1-884d-550f963e21ed,202,True,1758679305.7592404,1758679305.7645426,5.025279998779297,2025-09-24 02:01:45.762990+00:00
78bb5157-493a-4064-8164-ae74a9638f8d,202,True,1758679305.7595887,1758679305.765612,5.0249316692352295,2025-09-24 02:01:45.764005+00:00
370021ba-13f0-4c5c-91d1-d471a724f17a,202,True,1758679305.7600253,1758679305.7656536,5.0244951248168945,2025-09-24 02:01:45.764451+00:00
4eea3972-13d8-40e3-82e6-c268af4ed688,202,True,1758679305.7589865,1758679305.7665453,5.02553391456604,2025-09-24 02:01:45.764451+00:00
ae87470c-859a-4031-8962-61cf6c1dbd41,202,True,1758679305.7597373,1758679305.7667668,5.024783134460449,2025-09-24 02:01:45.764954+00:00
d713d5b9-45d8-4cc9-a777-c2581da09add,202,True,1758679305.7594655,1758679305.7674766,5.025054931640625,2025-09-24 02:01:45.765974+00:00
76b67427-de45-41f5-bec2-5f354866e2e2,202,True,1758679305.7593534,1758679305.767929,5.025166988372803,2025-09-24 02:01:45.766934+00:00
2570db99-0ece-4299-b16d-2fd7860eb64d,202,True,1758679305.7591224,1758679305.7688148,5.025398015975952,2025-09-24 02:01:45.768158+00:00
e2eabf3e-d047-4c19-912e-8c548f00ce9c,202,True,1758679306.7477844,1758679306.7524993,4.036736011505127,2025-09-24 02:01:46.748970+00:00
f22740ea-bf2b-4ecb-9fb5-6fd2dda30064,202,True,1758679306.7482135,1758679306.7531824,4.036306858062744,2025-09-24 02:01:46.750479+00:00
a15f4618-1940-456e-815c-01d9d7a40c99,202,True,1758679306.7486603,1758679306.7542994,4.035860061645508,2025-09-24 02:01:46.751355+00:00
25190a74-9cad-4e1d-9e8e-cd8c7cafe245,202,True,1758679306.7490404,1758679306.755354,4.03548002243042,2025-09-24 02:01:46.752859+00:00
a9735fa5-ac40-45a0-a34b-6421ca96895f,202,True,1758679306.7492793,1758679306.7556849,4.03524112701416,2025-09-24 02:01:46.752859+00:00
9b822514-fa07-48d4-bc02-6991d6bd74e7,202,True,1758679306.7483923,1758679306.756519,4.036128044128418,2025-09-24 02:01:46.753864+00:00
40810736-cde2-4c4b-b56a-bce7c26562f2,202,True,1758679306.7491617,1758679306.75706,4.035358667373657,2025-09-24 02:01:46.755253+00:00
dc202ddd-c765-41f6-a382-2be362eb5921,202,True,1758679306.7489116,1758679306.7577198,4.035608768463135,2025-09-24 02:01:46.756253+00:00
f4c4c22f-a169-45f1-8fdb-2604d16cb946,202,True,1758679306.748522,1758679306.7577782,4.035998344421387,2025-09-24 02:01:46.756253+00:00
b9b6ae3f-0712-4676-a5d8-b50267fcaff8,202,True,1758679306.748789,1758679306.7580845,4.035731315612793,2025-09-24 02:01:46.757493+00:00
5672f67b-faef-4c0a-aa52-bbd2f036463c,202,True,1758679307.7535152,1758679307.7577467,3.0310051441192627,2025-09-24 02:01:47.755273+00:00
35e3c7f4-415d-4fd7-b8bb-9f0172c4cf40,202,True,1758679307.7538736,1758679307.7582154,3.030646800994873,2025-09-24 02:01:47.756284+00:00
f66b9c03-d9bd-4b29-b6a2-39f85d837ead,202,True,1758679307.754286,1758679307.7590358,3.0302343368530273,2025-09-24 02:01:47.757266+00:00
7dfabee2-ff09-4849-8552-dcf60519e869,202,True,1758679307.7546496,1758679307.7602682,3.0298707485198975,2025-09-24 02:01:47.757772+00:00
f64188d4-44ff-434c-a28b-08b963aba001,202,True,1758679307.754875,1758679307.7603154,3.0296454429626465,2025-09-24 02:01:47.758779+00:00
ba2c6d11-c518-4592-a079-8fefa5a060d8,202,True,1758679307.7540376,1758679307.760833,3.030482769012451,2025-09-24 02:01:47.759425+00:00
fa7ae6a6-b80a-4fee-9f84-1a764a859d21,202,True,1758679307.7547617,1758679307.761337,3.0297586917877197,2025-09-24 02:01:47.759425+00:00
dfbf6805-2e55-4e7c-bf1d-4ce2f3b352dc,202,True,1758679307.7545297,1758679307.7617195,3.0299906730651855,2025-09-24 02:01:47.760437+00:00
94ebfb16-54f7-4402-8043-7cd6080f928b,202,True,1758679307.7541683,1758679307.762009,3.0303521156311035,2025-09-24 02:01:47.760437+00:00
e589b8df-4105-4e9f-bda9-837ac98f69f1,202,True,1758679307.7544107,1758679307.7622716,3.0301096439361572,2025-09-24 02:01:47.761437+00:00
e16e1d1b-20e0-486b-9260-5a6ba38b6cf1,202,True,1758679308.7577913,1758679308.7621768,2.026729106903076,2025-09-24 02:01:48.760576+00:00
bbbd16ee-b343-4503-8d23-346b16c1c309,202,True,1758679308.7581463,1758679308.7624032,2.026374101638794,2025-09-24 02:01:48.760576+00:00
94acb9cd-aeb4-4127-a1b9-c4fa220fbc26,202,True,1758679308.7586143,1758679308.7633624,2.0259060859680176,2025-09-24 02:01:48.761589+00:00
eb405e96-28a9-4fb3-9958-e49bee6f4cbc,202,True,1758679308.758986,1758679308.763911,2.0255343914031982,2025-09-24 02:01:48.762599+00:00
f633c19f-b2a1-443e-bf66-957435320e46,202,True,1758679308.758486,1758679308.7645278,2.026034355163574,2025-09-24 02:01:48.762599+00:00
628da057-7a38-4d41-9dc8-91fb7eb6452d,202,True,1758679308.7583232,1758679308.7650783,2.0261971950531006,2025-09-24 02:01:48.763587+00:00
ea8ff475-5f90-4974-8b5c-a858418a2012,202,True,1758679308.759242,1758679308.7655823,2.025278329849243,2025-09-24 02:01:48.763587+00:00
8471e7d6-18d3-4f27-b54c-7708d0b67ea0,202,True,1758679308.7587411,1758679308.7660031,2.0257792472839355,2025-09-24 02:01:48.764579+00:00
fca9e38b-86c5-4f35-b812-527cf38d1861,202,True,1758679308.758862,1758679308.766412,2.025658369064331,2025-09-24 02:01:48.765592+00:00
7d2a82e9-85d8-4ab9-8c54-4f56a33350b0,202,True,1758679308.7591016,1758679308.766664,2.025418758392334,2025-09-24 02:01:48.765592+00:00
ddc7948a-0e68-4445-82b3-c4730f1f5e82,202,True,1758679309.7583678,1758679309.7630434,1.0261526107788086,2025-09-24 02:01:49.760721+00:00
137c11a9-7e78-4ce7-ba18-978f4035aeeb,202,True,1758679309.758711,1758679309.7634618,1.0258092880249023,2025-09-24 02:01:49.762100+00:00
6c4d2bb1-db63-45a1-8d8a-54abc70d088f,202,True,1758679309.7591243,1758679309.7645516,1.0253961086273193,2025-09-24 02:01:49.763183+00:00
2fe859b3-c0a0-40d1-b449-2ecedfb3ae4d,202,True,1758679309.7596068,1758679309.7653081,1.0249135494232178,2025-09-24 02:01:49.763761+00:00
5e3fe125-7656-45b6-8752-9a1591c00500,202,True,1758679309.7594795,1758679309.765354,1.025040864944458,2025-09-24 02:01:49.763761+00:00
40d530c4-1151-4f10-9586-54ef37636997,202,True,1758679309.759005,1758679309.7658942,1.0255153179168701,2025-09-24 02:01:49.764333+00:00
e0bb656d-09c5-4a1a-b0c1-2a08617ff337,202,True,1758679309.7597368,1758679309.7663248,1.0247836112976074,2025-09-24 02:01:49.764887+00:00
b0a544bc-fc6b-4413-8f02-5d8f603682d7,202,True,1758679309.7588742,1758679309.7667196,1.0256462097167969,2025-09-24 02:01:49.765471+00:00
828cf377-4504-4f2d-a4b2-dfaecce8e2e7,202,True,1758679309.7593622,1758679309.7669957,1.025158166885376,2025-09-24 02:01:49.766049+00:00
781415eb-21bf-43eb-8e61-bf5fe8f9dd57,202,True,1758679309.759243,1758679309.7672439,1.0252773761749268,2025-09-24 02:01:49.766641+00:00
